entry_time,exit_time,symbol,side,entry_price,exit_price,size,pnl
2024-01-01 10:01:08,2024-01-01 10:04:38,Demo,BUY,120.56,117.743,20,-56.34
2024-01-01 14:00:20,2024-01-01 14:02:26,Demo,SELL,120.35,120.2914,100,5.86
2024-01-01 13:55:34,2024-01-01 14:03:08,Demo,SELL,120.16,120.7148,100,-55.48
2024-01-01 09:53:09,2024-01-01 09:55:36,Demo,BUY,120.68,120.3823,100,-29.77
2024-01-01 12:43:13,2024-01-01 12:46:48,Demo,BUY,120.3,120.065,50,-11.75
2024-01-01 14:18:40,2024-01-01 14:21:08,Demo,BUY,120.43,125.447,10,50.17
2024-01-01 12:29:05,2024-01-01 12:31:14,Demo,BUY,119.6,126.617,10,70.17
2024-01-01 14:33:00,2024-01-01 14:46:23,Demo,SELL,120.51,118.06,10,24.5
2024-01-02 11:47:25,2024-01-02 11:50:13,Demo,BUY,121.11,121.3093,200,39.86
2024-01-02 13:32:31,2024-01-02 13:33:46,Demo,BUY,122.48,124.0222,50,77.11
2024-01-02 11:41:46,2024-01-02 11:43:46,Demo,BUY,123.15,123.2344,50,4.22
2024-01-02 12:20:22,2024-01-02 12:22:23,Demo,BUY,122.59,124.1485,20,31.17
2024-01-03 10:47:55,2024-01-03 10:49:40,Demo,SELL,122.92,122.7551,100,16.49
2024-01-03 14:30:24,2024-01-03 14:35:12,Demo,BUY,122.46,110.992,10,-114.68
2024-01-04 13:10:39,2024-01-04 13:12:51,Demo,SELL,123.25,125.883,10,-26.33
2024-01-04 14:23:22,2024-01-04 14:26:08,Demo,BUY,122.7,123.615,20,18.3
2024-01-04 10:53:36,2024-01-04 11:00:22,Demo,SELL,122.13,117.5255,20,92.09
2024-01-04 14:18:58,2024-01-04 14:22:18,Demo,SELL,121.32,120.7485,20,11.43
2024-01-04 13:49:45,2024-01-04 13:50:27,Demo,BUY,121.08,120.6431,100,-43.69
2024-01-04 13:34:23,2024-01-04 13:35:32,Demo,SELL,120.73,112.605,10,81.25
2024-01-05 15:32:34,2024-01-05 15:36:30,Demo,BUY,120.1,124.4335,20,86.67
2024-01-05 11:47:08,2024-01-05 12:11:40,Demo,SELL,121.1,119.6635,20,28.73
2024-01-05 12:15:03,2024-01-05 12:17:28,Demo,SELL,121.36,124.479,10,-31.19
2024-01-05 13:04:40,2024-01-05 13:09:46,Demo,SELL,121.57,121.201,100,36.9
2024-01-05 10:57:13,2024-01-05 10:57:43,Demo,BUY,122.36,124.7058,50,117.29
2024-01-05 10:09:56,2024-01-05 10:11:38,Demo,SELL,122.49,120.6594,50,91.53
2024-01-05 14:39:06,2024-01-05 14:41:35,Demo,BUY,122.12,121.9692,100,-15.08
2024-01-08 11:13:03,2024-01-08 11:24:38,Demo,SELL,121.27,122.3156,50,-52.28
2024-01-08 15:08:34,2024-01-08 15:14:42,Demo,SELL,120.87,125.956,10,-50.86
2024-01-08 15:14:55,2024-01-08 15:22:38,Demo,SELL,121.62,120.6934,50,46.33
2024-01-08 11:31:54,2024-01-08 11:34:41,Demo,SELL,120.99,121.787,20,-15.94
2024-01-09 14:31:28,2024-01-09 14:38:30,Demo,SELL,121.17,124.667,10,-34.97
2024-01-09 11:25:24,2024-01-09 11:32:08,Demo,SELL,121.68,127.834,10,-61.54
2024-01-09 13:14:41,2024-01-09 13:24:17,Demo,BUY,121.83,121.739,50,-4.55
2024-01-09 15:14:30,2024-01-09 15:16:06,Demo,BUY,122.03,122.5588,50,26.44
2024-01-10 13:58:26,2024-01-10 14:05:49,Demo,BUY,122.35,129.633,10,72.83
2024-01-10 14:12:20,2024-01-10 14:15:47,Demo,SELL,122.54,122.3994,50,7.03
2024-01-10 12:45:00,2024-01-10 12:49:43,Demo,BUY,123.35,122.8541,200,-99.18
2024-01-10 10:32:21,2024-01-10 10:51:53,Demo,SELL,122.83,120.468,10,23.62
2024-01-11 09:34:54,2024-01-11 09:40:38,Demo,BUY,122.95,125.38,10,24.3
2024-01-11 12:19:37,2024-01-11 12:28:51,Demo,BUY,122.04,123.0106,50,48.53
2024-01-11 09:48:56,2024-01-11 09:49:51,Demo,SELL,121.0,132.412,10,-114.12
2024-01-11 10:04:24,2024-01-11 10:07:28,Demo,SELL,120.96,121.2452,50,-14.26
2024-01-12 10:45:43,2024-01-12 10:47:24,Demo,BUY,121.23,119.983,10,-12.47
2024-01-12 09:46:47,2024-01-12 09:52:06,Demo,BUY,122.05,120.858,20,-23.84
2024-01-12 15:32:16,2024-01-12 15:34:59,Demo,BUY,123.26,121.6158,50,-82.21
2024-01-12 12:07:19,2024-01-12 12:10:11,Demo,BUY,123.92,125.0734,50,57.67
2024-01-15 10:09:42,2024-01-15 10:22:02,Demo,SELL,124.28,123.2058,100,107.42
2024-01-15 10:54:44,2024-01-15 10:57:04,Demo,BUY,124.36,124.1658,100,-19.42
2024-01-15 13:02:51,2024-01-15 13:09:31,Demo,SELL,123.6,124.2282,50,-31.41
2024-01-15 14:24:09,2024-01-15 14:32:47,Demo,SELL,123.52,123.7618,50,-12.09
2024-01-16 12:01:17,2024-01-16 12:12:06,Demo,BUY,124.17,118.527,10,-56.43
2024-01-16 14:48:56,2024-01-16 14:51:12,Demo,SELL,124.62,123.67,20,19.0
2024-01-16 15:32:10,2024-01-16 15:59:43,Demo,BUY,123.97,127.965,10,39.95
2024-01-16 15:27:07,2024-01-16 15:46:37,Demo,SELL,124.28,123.9985,100,28.15
2024-01-16 12:46:41,2024-01-16 12:50:30,Demo,SELL,124.55,127.384,20,-56.68
2024-01-17 12:45:45,2024-01-17 12:46:42,Demo,BUY,124.72,124.7425,20,0.45
2024-01-17 14:03:42,2024-01-17 14:04:12,Demo,SELL,124.71,124.789,10,-0.79
2024-01-17 10:25:42,2024-01-17 10:33:30,Demo,SELL,125.04,125.2686,50,-11.43
2024-01-17 14:33:27,2024-01-17 14:44:23,Demo,BUY,125.39,126.0099,100,61.99
2024-01-17 13:23:18,2024-01-17 13:35:49,Demo,SELL,125.07,121.498,20,71.44
2024-01-18 15:37:22,2024-01-18 15:52:29,Demo,SELL,125.29,124.9267,100,36.33
2024-01-18 15:06:02,2024-01-18 15:13:50,Demo,BUY,125.2,131.654,10,64.54
2024-01-18 14:02:15,2024-01-18 14:05:56,Demo,BUY,124.46,125.481,20,20.42
2024-01-18 15:12:43,2024-01-18 15:13:36,Demo,SELL,124.18,124.7536,100,-57.36
2024-01-18 11:03:46,2024-01-18 11:05:48,Demo,SELL,123.39,124.769,20,-27.58
2024-01-18 11:33:44,2024-01-18 11:46:47,Demo,SELL,123.88,124.1454,200,-53.07
2024-01-18 12:40:25,2024-01-18 12:42:01,Demo,BUY,124.06,121.219,10,-28.41
2024-01-19 10:03:00,2024-01-19 10:08:48,Demo,SELL,123.88,119.854,10,40.26
2024-01-19 14:16:15,2024-01-19 14:19:18,Demo,SELL,124.59,124.0746,200,103.07
2024-01-19 13:54:43,2024-01-19 13:55:59,Demo,SELL,124.63,124.325,10,3.05
2024-01-19 15:03:14,2024-01-19 15:56:12,Demo,SELL,123.91,123.7391,500,85.46
2024-01-19 09:56:47,2024-01-19 09:59:27,Demo,SELL,123.69,123.2932,200,79.36
2024-01-19 10:31:16,2024-01-19 10:33:47,Demo,SELL,124.51,118.997,10,55.13
2024-01-22 10:26:20,2024-01-22 10:29:48,Demo,BUY,124.17,127.827,20,73.14
2024-01-22 15:03:37,2024-01-22 15:04:51,Demo,BUY,124.31,115.365,10,-89.45
2024-01-22 11:15:42,2024-01-22 11:17:17,Demo,SELL,124.68,124.263,20,8.34
2024-01-23 11:58:04,2024-01-23 12:03:42,Demo,SELL,124.98,127.413,10,-24.33
2024-01-23 11:04:15,2024-01-23 11:09:12,Demo,BUY,126.2,140.533,10,143.33
2024-01-23 09:38:46,2024-01-23 09:47:03,Demo,BUY,125.62,124.261,20,-27.18
2024-01-23 10:23:44,2024-01-23 10:24:42,Demo,BUY,125.08,124.2715,20,-16.17
2024-01-23 11:55:12,2024-01-23 12:02:40,Demo,SELL,124.5,124.3918,200,21.64
2024-01-24 11:06:37,2024-01-24 11:08:54,Demo,SELL,124.35,124.0065,100,34.35
2024-01-24 10:55:09,2024-01-24 10:57:42,Demo,SELL,124.9,125.4306,50,-26.53
2024-01-25 14:05:00,2024-01-25 14:05:57,Demo,SELL,124.38,127.391,20,-60.22
2024-01-25 15:06:12,2024-01-25 15:35:18,Demo,BUY,124.94,124.0375,100,-90.25
2024-01-25 10:39:27,2024-01-25 11:08:29,Demo,BUY,124.96,120.709,20,-85.02
2024-01-26 14:26:13,2024-01-26 14:28:59,Demo,BUY,124.4,125.1946,50,39.73
2024-01-26 11:49:17,2024-01-26 12:00:37,Demo,BUY,123.53,123.5184,500,-5.81
2024-01-26 14:37:07,2024-01-26 14:38:28,Demo,SELL,122.76,124.1325,20,-27.45
2024-01-26 15:13:01,2024-01-26 15:18:17,Demo,SELL,122.43,123.117,50,-34.35
2024-01-29 10:32:42,2024-01-29 10:39:13,Demo,BUY,122.35,122.1559,100,-19.41
2024-01-29 13:13:19,2024-01-29 13:16:16,Demo,BUY,123.02,123.3288,200,61.76
2024-01-30 13:17:01,2024-01-30 13:21:17,Demo,BUY,123.42,123.7964,50,18.82
2024-01-30 13:56:59,2024-01-30 14:10:18,Demo,BUY,123.0,119.166,10,-38.34
2024-01-30 14:03:05,2024-01-30 14:05:11,Demo,BUY,123.2,128.44,20,104.8
2024-01-31 11:16:08,2024-01-31 11:19:19,Demo,SELL,124.03,115.656,10,83.74
2024-01-31 13:30:51,2024-01-31 13:32:54,Demo,SELL,124.97,124.5922,50,18.89
2024-01-31 14:18:21,2024-01-31 14:26:01,Demo,BUY,124.81,134.159,10,93.49
2024-01-31 10:20:41,2024-01-31 10:22:12,Demo,BUY,125.29,124.8439,100,-44.61
2024-02-02 09:31:45,2024-02-02 09:48:16,Demo,BUY,125.98,130.046,10,40.66
2024-02-02 10:02:05,2024-02-02 10:12:21,Demo,SELL,125.23,131.367,10,-61.37
2024-02-02 14:37:20,2024-02-02 15:02:18,Demo,SELL,124.97,127.653,20,-53.66
2024-02-02 15:32:47,2024-02-02 15:38:36,Demo,SELL,126.08,126.91,50,-41.5
2024-02-02 10:35:11,2024-02-02 10:45:09,Demo,BUY,125.93,138.954,10,130.24
2024-02-02 13:17:09,2024-02-02 13:24:50,Demo,SELL,124.47,126.355,20,-37.7
2024-02-02 10:10:30,2024-02-02 10:25:43,Demo,BUY,124.41,120.1035,20,-86.13
2024-02-05 11:53:21,2024-02-05 11:58:19,Demo,SELL,124.97,124.214,10,7.56
2024-02-05 09:44:54,2024-02-05 09:50:59,Demo,SELL,124.97,124.404,10,5.66
2024-02-05 10:38:29,2024-02-05 11:14:39,Demo,SELL,125.33,125.655,100,-32.5
2024-02-05 13:10:58,2024-02-05 13:18:46,Demo,BUY,125.8,125.2705,20,-10.59
2024-02-06 12:46:27,2024-02-06 13:06:00,Demo,BUY,125.62,123.5,10,-21.2
2024-02-06 09:56:00,2024-02-06 09:58:57,Demo,SELL,125.36,124.2602,100,109.98
2024-02-07 15:03:42,2024-02-07 15:09:55,Demo,BUY,125.44,125.633,500,96.48
2024-02-07 15:00:11,2024-02-07 15:07:24,Demo,BUY,125.53,124.71,50,-41.0
2024-02-07 10:09:16,2024-02-07 10:15:12,Demo,BUY,125.56,125.1785,20,-7.63
2024-02-07 10:49:50,2024-02-07 10:56:35,Demo,BUY,125.6,125.227,100,-37.3
2024-02-07 13:56:42,2024-02-07 13:57:15,Demo,BUY,125.23,125.3194,200,17.89
2024-02-08 13:23:45,2024-02-08 13:24:47,Demo,BUY,125.6,126.952,50,67.6
2024-02-08 14:01:49,2024-02-08 14:04:21,Demo,BUY,125.9,126.4485,20,10.97
2024-02-08 15:44:22,2024-02-08 15:50:58,Demo,SELL,125.24,126.09,20,-17.0
2024-02-08 11:26:45,2024-02-08 11:29:25,Demo,BUY,125.04,124.1014,50,-46.93
2024-02-08 13:23:56,2024-02-08 13:34:17,Demo,BUY,125.09,125.469,10,3.79
2024-02-08 11:53:15,2024-02-08 12:03:00,Demo,SELL,124.82,126.016,20,-23.92
2024-02-09 13:42:20,2024-02-09 13:43:31,Demo,SELL,125.14,123.628,100,151.2
2024-02-12 11:21:15,2024-02-12 11:22:11,Demo,SELL,125.11,125.772,50,-33.1
2024-02-13 09:45:55,2024-02-13 09:46:46,Demo,SELL,125.19,119.699,20,109.82
2024-02-14 15:36:55,2024-02-14 16:07:06,Demo,BUY,124.99,127.0396,50,102.48
2024-02-14 12:50:03,2024-02-14 12:50:50,Demo,SELL,123.99,125.266,10,-12.76
2024-02-14 14:26:18,2024-02-14 14:28:35,Demo,SELL,122.97,115.562,20,148.16
2024-02-15 12:57:53,2024-02-15 13:15:44,Demo,BUY,123.26,122.268,50,-49.6
2024-02-15 14:52:22,2024-02-15 15:08:34,Demo,BUY,123.4,128.37,10,49.7
2024-02-15 15:02:55,2024-02-15 15:24:18,Demo,BUY,123.62,123.565,10,-0.55
2024-02-15 12:42:41,2024-02-15 12:43:33,Demo,SELL,123.68,123.7564,200,-15.28
2024-02-15 12:02:11,2024-02-15 12:07:19,Demo,BUY,123.79,137.08,10,132.9
2024-02-15 12:53:17,2024-02-15 12:53:47,Demo,SELL,124.28,126.562,10,-22.82
2024-02-16 10:47:28,2024-02-16 10:54:29,Demo,BUY,124.5,124.3804,200,-23.91
2024-02-16 09:57:26,2024-02-16 10:00:14,Demo,BUY,125.02,124.0848,50,-46.76
2024-02-16 09:30:13,2024-02-16 09:30:43,Demo,SELL,125.1,124.9802,50,5.99
2024-02-16 11:48:41,2024-02-16 11:53:50,Demo,BUY,124.95,124.9125,100,-3.75
2024-02-16 10:33:34,2024-02-16 10:36:24,Demo,BUY,125.05,132.815,10,77.65
2024-02-16 10:05:13,2024-02-16 10:06:32,Demo,BUY,124.63,125.4584,50,41.42
2024-02-19 15:15:40,2024-02-19 15:28:00,Demo,BUY,124.44,125.609,20,23.38
2024-02-19 12:59:48,2024-02-19 13:01:48,Demo,BUY,124.53,124.8392,100,30.92
2024-02-19 10:26:14,2024-02-19 10:32:31,Demo,SELL,124.61,121.834,20,55.52
2024-02-19 09:40:29,2024-02-19 09:43:30,Demo,SELL,124.56,123.8726,50,34.37
2024-02-19 14:07:33,2024-02-19 14:09:48,Demo,BUY,123.87,126.118,20,44.96
2024-02-19 12:34:43,2024-02-19 12:35:17,Demo,SELL,124.18,123.42,20,15.2
2024-02-20 13:09:09,2024-02-20 13:12:36,Demo,SELL,124.6,122.7358,50,93.21
2024-02-20 11:08:15,2024-02-20 11:09:32,Demo,SELL,125.42,126.763,50,-67.15
2024-02-20 13:23:14,2024-02-20 13:24:20,Demo,BUY,125.64,124.2544,50,-69.28
2024-02-21 10:22:58,2024-02-21 10:23:51,Demo,BUY,125.64,122.9285,20,-54.23
2024-02-21 15:43:56,2024-02-21 15:50:40,Demo,BUY,125.14,125.7195,20,11.59
2024-02-21 10:29:28,2024-02-21 10:29:58,Demo,SELL,125.88,126.0616,50,-9.08
2024-02-21 12:14:07,2024-02-21 12:19:58,Demo,SELL,126.01,125.8441,100,16.59
2024-02-21 09:59:02,2024-02-21 10:13:58,Demo,BUY,126.11,126.0466,50,-3.17
2024-02-22 14:35:09,2024-02-22 14:38:17,Demo,BUY,125.98,126.134,200,30.8
2024-02-22 15:08:57,2024-02-22 15:12:18,Demo,SELL,125.82,124.4773,100,134.27
2024-02-22 13:56:41,2024-02-22 13:59:38,Demo,SELL,126.16,121.2635,20,97.93
2024-02-22 09:34:41,2024-02-22 09:37:16,Demo,BUY,125.65,126.0332,50,19.16
2024-02-22 13:46:00,2024-02-22 13:49:34,Demo,SELL,126.47,126.3284,200,28.31
2024-02-22 10:56:18,2024-02-22 10:57:44,Demo,SELL,127.17,126.4758,50,34.71
2024-02-22 11:26:20,2024-02-22 11:31:16,Demo,SELL,126.99,126.4968,100,49.32
2024-02-22 15:19:29,2024-02-22 15:21:09,Demo,SELL,126.56,127.3234,50,-38.17
2024-02-22 11:51:07,2024-02-22 12:01:18,Demo,SELL,125.55,125.7615,20,-4.23
2024-02-22 15:32:06,2024-02-22 15:37:52,Demo,SELL,124.93,131.324,10,-63.94
2024-02-22 11:20:38,2024-02-22 11:21:08,Demo,SELL,125.29,121.315,20,79.5
2024-02-23 13:16:45,2024-02-23 13:22:12,Demo,BUY,125.45,125.6046,200,30.93
2024-02-23 12:51:55,2024-02-23 12:53:52,Demo,BUY,125.7,126.865,50,58.25
2024-02-26 12:09:16,2024-02-26 12:16:01,Demo,SELL,124.77,122.0225,20,54.95
2024-02-26 12:03:26,2024-02-26 12:05:37,Demo,SELL,124.58,123.8764,200,140.71
2024-02-26 10:46:52,2024-02-26 11:14:31,Demo,SELL,125.26,128.6905,20,-68.61
2024-02-26 12:56:13,2024-02-26 13:05:20,Demo,BUY,125.21,127.6165,20,48.13
2024-02-27 10:57:18,2024-02-27 10:58:30,Demo,BUY,124.57,125.2914,50,36.07
2024-02-27 13:49:37,2024-02-27 13:53:17,Demo,SELL,124.52,124.1914,50,16.43
2024-02-27 13:48:24,2024-02-27 13:52:22,Demo,BUY,124.13,132.09,10,79.6
2024-02-27 10:31:59,2024-02-27 10:37:54,Demo,SELL,124.3,120.677,20,72.46
2024-02-27 14:19:30,2024-02-27 14:26:16,Demo,SELL,124.31,124.301,20,0.18
2024-02-27 12:17:35,2024-02-27 12:25:08,Demo,SELL,124.58,127.8765,20,-65.93
2024-02-27 13:22:45,2024-02-27 13:27:26,Demo,SELL,123.97,124.7115,20,-14.83
2024-02-28 14:55:08,2024-02-28 15:04:34,Demo,SELL,123.75,121.33,20,48.4
2024-02-28 11:45:25,2024-02-28 12:10:28,Demo,SELL,124.29,123.166,10,11.24
2024-02-29 10:24:51,2024-02-29 10:30:35,Demo,SELL,123.62,123.965,20,-6.9
2024-02-29 14:12:38,2024-02-29 14:13:58,Demo,BUY,123.12,124.156,10,10.36
2024-02-29 11:05:04,2024-02-29 11:07:59,Demo,SELL,123.22,123.313,20,-1.86
2024-02-29 14:56:54,2024-02-29 15:01:54,Demo,BUY,123.36,122.9167,100,-44.33
2024-02-29 09:38:08,2024-02-29 09:43:39,Demo,SELL,123.11,120.5058,50,130.21
2024-03-01 10:22:53,2024-03-01 10:24:44,Demo,SELL,122.97,130.552,20,-151.64
2024-03-04 09:57:47,2024-03-04 10:09:24,Demo,BUY,123.24,124.575,10,13.35
2024-03-04 11:39:21,2024-03-04 11:46:33,Demo,BUY,123.67,135.24,10,115.7
2024-03-04 09:46:40,2024-03-04 09:55:39,Demo,SELL,123.13,132.748,20,-192.36
2024-03-04 10:31:52,2024-03-04 10:34:37,Demo,BUY,123.31,125.852,10,25.42
2024-03-05 09:52:47,2024-03-05 10:03:38,Demo,SELL,124.07,142.39,20,-366.4
2024-03-05 14:49:16,2024-03-05 14:50:20,Demo,SELL,124.01,157.461,10,-334.51
2024-03-05 10:32:06,2024-03-05 10:47:38,Demo,BUY,123.47,119.6793,100,-379.07
2024-03-05 10:06:30,2024-03-05 10:26:25,Demo,BUY,122.91,119.7195,20,-63.81
2024-03-05 12:01:48,2024-03-05 12:11:34,Demo,BUY,122.83,131.255,10,84.25
2024-03-05 14:27:04,2024-03-05 14:27:34,Demo,BUY,123.35,123.4226,100,7.26
2024-03-05 12:59:52,2024-03-05 13:00:22,Demo,SELL,123.33,121.673,20,33.14
2024-03-06 13:30:37,2024-03-06 13:54:31,Demo,BUY,123.42,123.584,10,1.64
2024-03-06 12:42:10,2024-03-06 13:03:13,Demo,BUY,122.92,111.272,20,-232.96
2024-03-06 10:19:49,2024-03-06 10:31:00,Demo,BUY,123.41,125.933,20,50.46
2024-03-07 12:50:40,2024-03-07 13:01:33,Demo,BUY,122.84,122.8098,50,-1.51
2024-03-07 10:17:43,2024-03-07 10:20:39,Demo,BUY,122.59,99.74,10,-228.5
2024-03-07 12:28:13,2024-03-07 12:29:00,Demo,SELL,122.9,135.68,20,-255.6
2024-03-07 13:24:11,2024-03-07 13:29:01,Demo,SELL,121.88,134.276,10,-123.96
2024-03-08 12:33:42,2024-03-08 12:45:02,Demo,BUY,121.97,150.444,10,284.74
2024-03-11 13:59:33,2024-03-11 14:00:03,Demo,BUY,121.45,119.2896,100,-216.04
2024-03-11 13:09:38,2024-03-11 13:24:52,Demo,SELL,121.46,116.4852,50,248.74
2024-03-11 12:03:26,2024-03-11 12:07:52,Demo,BUY,121.28,102.8195,20,-369.21
2024-03-11 10:43:51,2024-03-11 10:52:33,Demo,SELL,122.34,129.4275,20,-141.75
2024-03-11 11:58:26,2024-03-11 12:03:50,Demo,SELL,122.14,124.256,10,-21.16
2024-03-11 10:39:06,2024-03-11 10:41:01,Demo,BUY,123.06,121.2107,100,-184.93
2024-03-11 11:10:12,2024-03-11 11:13:16,Demo,SELL,123.36,158.266,10,-349.06
2024-03-11 14:19:07,2024-03-11 14:20:49,Demo,BUY,122.95,109.643,10,-133.07
2024-03-12 10:30:10,2024-03-12 10:31:41,Demo,BUY,123.12,126.6295,20,70.19
2024-03-12 12:14:44,2024-03-12 12:19:36,Demo,SELL,122.97,136.2655,20,-265.91
2024-03-12 14:04:49,2024-03-12 14:21:13,Demo,SELL,123.09,121.4815,20,32.17
2024-03-13 15:35:23,2024-03-13 15:37:22,Demo,BUY,122.73,104.788,10,-179.42
2024-03-13 12:30:28,2024-03-13 12:49:50,Demo,SELL,123.58,120.9325,20,52.95
2024-03-13 10:05:37,2024-03-13 10:09:10,Demo,BUY,124.04,114.101,20,-198.78
2024-03-13 13:51:50,2024-03-13 13:55:18,Demo,SELL,124.06,130.396,10,-63.36
2024-03-13 12:39:31,2024-03-13 12:44:02,Demo,SELL,124.92,124.0782,100,84.18
2024-03-13 10:30:54,2024-03-13 10:31:58,Demo,BUY,124.96,139.994,10,150.34
2024-03-13 14:42:23,2024-03-13 14:44:41,Demo,BUY,125.51,119.096,20,-128.28
2024-03-13 15:27:11,2024-03-13 15:34:06,Demo,BUY,125.53,126.3618,50,41.59
2024-03-14 15:29:47,2024-03-14 15:46:16,Demo,SELL,125.72,138.471,10,-127.51
2024-03-14 12:10:00,2024-03-14 12:13:46,Demo,BUY,125.68,125.3656,50,-15.72
2024-03-14 15:31:15,2024-03-14 15:35:52,Demo,BUY,125.73,123.0775,100,-265.25
2024-03-14 12:35:30,2024-03-14 12:38:09,Demo,SELL,125.81,123.957,10,18.53
2024-03-14 13:43:42,2024-03-14 13:48:55,Demo,SELL,125.48,126.454,200,-194.79
2024-03-14 12:07:15,2024-03-14 12:45:57,Demo,BUY,125.28,123.0435,20,-44.73
2024-03-14 14:54:41,2024-03-14 15:01:24,Demo,BUY,125.17,115.532,10,-96.38
2024-03-14 12:26:57,2024-03-14 12:28:03,Demo,BUY,125.29,132.817,20,150.54
2024-03-15 11:05:52,2024-03-15 11:07:02,Demo,BUY,125.27,88.818,20,-729.04
2024-03-15 09:51:56,2024-03-15 09:53:58,Demo,SELL,125.86,124.217,50,82.15
2024-03-15 15:38:03,2024-03-15 15:47:09,Demo,SELL,126.28,125.8184,50,23.08
2024-03-15 11:30:27,2024-03-15 11:32:46,Demo,BUY,126.18,126.8682,100,68.82
2024-03-15 10:24:33,2024-03-15 10:31:52,Demo,BUY,126.87,126.3331,500,-268.44
2024-03-18 10:20:40,2024-03-18 10:28:43,Demo,BUY,127.81,123.1936,50,-230.82
2024-03-18 12:10:54,2024-03-18 12:12:08,Demo,SELL,126.79,140.074,50,-664.2
2024-03-19 14:11:06,2024-03-19 14:16:39,Demo,BUY,127.25,126.592,20,-13.16
2024-03-19 14:56:03,2024-03-19 14:58:54,Demo,BUY,126.91,127.159,20,4.98
2024-03-20 14:02:16,2024-03-20 14:08:41,Demo,SELL,127.31,139.312,10,-120.02
2024-03-20 11:57:33,2024-03-20 12:01:48,Demo,SELL,127.93,131.6926,50,-188.13
2024-03-20 09:46:27,2024-03-20 09:49:58,Demo,BUY,127.49,136.7615,20,185.43
2024-03-20 11:37:02,2024-03-20 11:37:54,Demo,BUY,126.56,109.87,10,-166.9
2024-03-20 14:21:24,2024-03-20 14:26:43,Demo,SELL,126.98,107.068,10,199.12
2024-03-20 11:20:52,2024-03-20 11:28:48,Demo,BUY,127.05,116.8355,20,-204.29
2024-03-21 12:42:23,2024-03-21 12:43:14,Demo,BUY,126.21,123.1335,20,-61.53
2024-03-21 14:42:13,2024-03-21 14:47:44,Demo,SELL,127.48,130.002,20,-50.44
2024-03-21 12:29:53,2024-03-21 12:32:16,Demo,SELL,127.79,130.2052,50,-120.76
2024-03-22 11:22:44,2024-03-22 11:24:05,Demo,SELL,128.13,128.0055,20,2.49
2024-03-22 10:11:12,2024-03-22 10:13:12,Demo,BUY,128.81,131.7284,50,145.92
2024-03-22 14:14:51,2024-03-22 14:28:55,Demo,SELL,128.52,163.094,10,-345.74
2024-03-25 10:54:11,2024-03-25 10:57:28,Demo,SELL,128.58,130.216,10,-16.36
2024-03-25 12:29:16,2024-03-25 12:34:13,Demo,BUY,127.92,134.55,20,132.6
2024-03-25 09:58:55,2024-03-25 10:01:09,Demo,BUY,127.62,119.813,20,-156.14
2024-03-25 11:47:38,2024-03-25 11:48:11,Demo,SELL,127.81,152.931,10,-251.21
2024-03-26 11:33:46,2024-03-26 11:39:41,Demo,SELL,126.98,147.7805,20,-416.01
2024-03-26 11:52:13,2024-03-26 12:00:23,Demo,BUY,126.66,131.605,10,49.45
2024-03-26 12:11:26,2024-03-26 12:39:59,Demo,BUY,126.2,130.3715,20,83.43
2024-03-26 13:25:09,2024-03-26 13:34:52,Demo,SELL,126.27,134.478,20,-164.16
2024-03-26 13:36:28,2024-03-26 13:37:08,Demo,SELL,126.56,121.7808,50,238.96
2024-03-26 12:17:40,2024-03-26 12:32:47,Demo,BUY,126.93,128.465,100,153.5
2024-03-27 09:33:27,2024-03-27 09:41:37,Demo,SELL,127.43,140.912,10,-134.82
2024-03-27 10:14:25,2024-03-27 10:18:03,Demo,BUY,128.11,127.4156,200,-138.88
2024-03-27 10:21:23,2024-03-27 10:23:02,Demo,SELL,128.42,117.01,20,228.2
2024-03-27 13:18:31,2024-03-27 13:30:39,Demo,BUY,129.36,132.977,50,180.85
2024-03-27 09:57:59,2024-03-27 10:05:28,Demo,BUY,129.42,128.477,50,-47.15
2024-03-27 13:55:01,2024-03-27 13:57:24,Demo,SELL,129.33,126.3822,50,147.39
2024-03-27 13:47:43,2024-03-27 13:48:42,Demo,SELL,129.64,128.4415,20,23.97
2024-03-27 15:44:43,2024-03-27 15:49:06,Demo,BUY,129.53,111.083,20,-368.94
2024-03-28 14:07:49,2024-03-28 14:16:42,Demo,SELL,130.45,160.572,10,-301.22
2024-03-29 09:32:28,2024-03-29 09:35:41,Demo,SELL,131.02,164.736,10,-337.16
2024-03-29 10:51:35,2024-03-29 10:54:19,Demo,SELL,131.39,142.519,20,-222.58
2024-03-29 15:31:04,2024-03-29 15:35:49,Demo,BUY,131.46,131.7595,20,5.99
2024-03-29 12:11:55,2024-03-29 12:59:55,Demo,SELL,131.26,130.626,20,12.68
2024-04-01 14:49:29,2024-04-01 14:51:32,Demo,SELL,131.61,135.523,10,-39.13
2024-04-01 14:43:12,2024-04-01 14:44:27,Demo,BUY,131.04,129.7552,50,-64.24
2024-04-02 14:08:44,2024-04-02 14:09:56,Demo,SELL,131.81,133.2449,100,-143.49
2024-04-02 14:44:40,2024-04-02 14:46:39,Demo,SELL,131.72,131.9352,200,-43.04
2024-04-02 15:42:26,2024-04-02 15:44:47,Demo,BUY,131.87,140.521,20,173.02
2024-04-03 14:31:13,2024-04-03 14:40:24,Demo,BUY,131.42,133.1746,50,87.73
2024-04-03 10:24:27,2024-04-03 10:30:19,Demo,SELL,131.78,133.2756,100,-149.56
2024-04-04 11:00:35,2024-04-04 11:17:09,Demo,SELL,131.55,139.748,20,-163.96
2024-04-04 10:38:27,2024-04-04 10:41:04,Demo,BUY,131.88,136.024,20,82.88
2024-04-04 12:54:25,2024-04-04 13:07:30,Demo,BUY,132.26,132.4763,200,43.26
2024-04-04 11:37:09,2024-04-04 11:44:21,Demo,SELL,131.93,143.8855,20,-239.11
2024-04-04 11:38:13,2024-04-04 11:45:38,Demo,SELL,131.37,139.115,20,-154.9
2024-04-04 11:47:44,2024-04-04 11:50:22,Demo,SELL,132.14,134.667,10,-25.27
2024-04-04 11:32:53,2024-04-04 11:35:15,Demo,BUY,132.04,154.042,10,220.02
2024-04-05 11:08:27,2024-04-05 11:16:45,Demo,SELL,132.15,130.7054,100,144.46
2024-04-05 11:59:44,2024-04-05 12:04:19,Demo,BUY,132.4,132.5302,50,6.51
2024-04-09 15:14:03,2024-04-09 15:15:30,Demo,BUY,131.77,135.7815,20,80.23
2024-04-09 10:51:57,2024-04-09 10:57:27,Demo,BUY,132.0,124.798,10,-72.02
2024-04-10 11:50:29,2024-04-10 11:54:36,Demo,SELL,132.05,130.661,20,27.78
2024-04-10 14:35:44,2024-04-10 14:36:49,Demo,SELL,131.73,129.578,20,43.04
2024-04-10 14:20:32,2024-04-10 14:22:21,Demo,SELL,131.15,156.816,10,-256.66
2024-04-11 10:19:24,2024-04-11 10:25:11,Demo,BUY,131.45,129.7723,100,-167.77
2024-04-12 11:28:57,2024-04-12 11:29:47,Demo,SELL,132.02,156.491,10,-244.71
2024-04-12 11:32:20,2024-04-12 11:36:33,Demo,BUY,132.11,129.035,20,-61.5
2024-04-12 11:42:47,2024-04-12 11:47:58,Demo,BUY,131.39,128.5296,50,-143.02
2024-04-12 11:55:34,2024-04-12 11:57:06,Demo,BUY,130.86,115.739,10,-151.21
2024-04-12 09:44:05,2024-04-12 09:46:53,Demo,BUY,130.65,131.4204,100,77.04
2024-04-12 10:11:34,2024-04-12 10:19:14,Demo,BUY,131.43,133.8748,50,122.24
2024-04-15 13:01:17,2024-04-15 13:02:03,Demo,BUY,131.3,130.9762,50,-16.19
2024-04-15 11:17:10,2024-04-15 11:31:29,Demo,SELL,131.07,138.664,10,-75.94
2024-04-15 11:29:14,2024-04-15 11:30:18,Demo,BUY,130.23,145.237,10,150.07
2024-04-15 11:18:08,2024-04-15 11:23:31,Demo,SELL,129.91,133.839,10,-39.29
2024-04-15 15:22:01,2024-04-15 15:43:01,Demo,BUY,129.29,133.3395,20,80.99
2024-04-17 15:29:19,2024-04-17 15:33:00,Demo,SELL,128.79,129.0904,50,-15.02
2024-04-17 10:54:38,2024-04-17 10:56:57,Demo,SELL,128.85,127.5799,100,127.01
2024-04-17 11:00:48,2024-04-17 11:03:30,Demo,SELL,128.65,131.4752,50,-141.26
2024-04-17 14:22:43,2024-04-17 14:24:55,Demo,SELL,129.5,129.577,200,-15.39
2024-04-17 11:56:40,2024-04-17 11:59:40,Demo,BUY,130.04,132.4708,50,121.54
2024-04-17 13:24:43,2024-04-17 13:25:35,Demo,BUY,129.73,133.2625,20,70.65
2024-04-19 12:00:11,2024-04-19 12:10:20,Demo,BUY,129.27,114.433,10,-148.37
2024-04-19 09:36:59,2024-04-19 09:37:29,Demo,BUY,129.96,130.1842,50,11.21
2024-04-22 13:47:02,2024-04-22 13:57:24,Demo,SELL,130.79,137.984,10,-71.94
2024-04-22 12:11:40,2024-04-22 12:15:15,Demo,SELL,129.7,134.434,10,-47.34
2024-04-22 14:37:08,2024-04-22 14:48:06,Demo,SELL,129.74,123.959,20,115.62
2024-04-22 13:36:58,2024-04-22 13:38:13,Demo,BUY,129.62,129.5491,100,-7.09
2024-04-22 09:55:49,2024-04-22 09:56:29,Demo,SELL,129.94,132.169,10,-22.29
2024-04-22 12:15:56,2024-04-22 12:22:07,Demo,BUY,130.91,131.7298,50,40.99
2024-04-23 10:44:41,2024-04-23 10:48:22,Demo,SELL,130.67,132.5819,100,-191.19
2024-04-23 11:19:08,2024-04-23 11:21:29,Demo,SELL,129.64,127.747,20,37.86
2024-04-23 11:02:22,2024-04-23 11:08:24,Demo,SELL,129.93,118.45,10,114.8
2024-04-24 13:37:08,2024-04-24 13:41:08,Demo,SELL,130.63,148.741,10,-181.11
2024-04-24 12:37:14,2024-04-24 12:44:30,Demo,SELL,130.47,129.6836,50,39.32
2024-04-25 15:19:36,2024-04-25 15:20:10,Demo,BUY,130.12,124.8926,50,-261.37
2024-04-25 14:42:19,2024-04-25 15:14:19,Demo,SELL,129.9,129.6009,100,29.91
2024-04-25 15:41:11,2024-04-25 15:45:09,Demo,BUY,130.33,138.052,20,154.44
2024-04-26 11:07:07,2024-04-26 11:08:43,Demo,BUY,130.1,142.621,10,125.21
2024-04-26 10:48:39,2024-04-26 10:52:04,Demo,BUY,130.26,108.887,10,-213.73
2024-04-29 13:24:16,2024-04-29 13:46:51,Demo,BUY,130.28,128.7948,50,-74.26
2024-04-29 15:01:17,2024-04-29 15:07:58,Demo,BUY,130.24,119.729,10,-105.11
2024-04-29 14:47:36,2024-04-29 14:51:13,Demo,BUY,130.59,130.008,20,-11.64
2024-04-29 15:13:04,2024-04-29 15:18:31,Demo,BUY,130.35,129.4765,20,-17.47
2024-04-29 11:14:32,2024-04-29 11:16:29,Demo,BUY,130.14,131.916,10,17.76
2024-04-30 14:12:35,2024-04-30 14:15:55,Demo,SELL,130.54,124.479,10,60.61
2024-04-30 15:08:01,2024-04-30 15:10:48,Demo,SELL,130.04,126.702,20,66.76
2024-05-01 14:41:03,2024-05-01 15:16:19,Demo,BUY,129.6,177.798,10,481.98
2024-05-01 14:15:59,2024-05-01 14:18:12,Demo,BUY,128.97,117.607,10,-113.63
2024-05-02 14:40:31,2024-05-02 14:46:23,Demo,BUY,129.4,121.8084,50,-379.58
2024-05-02 15:08:30,2024-05-02 15:11:39,Demo,SELL,129.34,129.944,100,-60.4
2024-05-02 13:38:36,2024-05-02 13:43:03,Demo,SELL,128.69,108.281,10,204.09
2024-05-02 12:03:43,2024-05-02 12:26:32,Demo,BUY,129.11,120.8526,50,-412.87
2024-05-02 10:52:20,2024-05-02 11:04:30,Demo,BUY,128.84,130.3605,20,30.41
2024-05-03 10:15:11,2024-05-03 10:22:26,Demo,SELL,128.4,97.0925,20,626.15
2024-05-03 12:38:00,2024-05-03 12:39:03,Demo,SELL,128.3,124.3919,100,390.81
2024-05-03 12:14:26,2024-05-03 12:15:58,Demo,BUY,129.04,132.9284,50,194.42
2024-05-03 10:45:31,2024-05-03 10:53:34,Demo,BUY,128.84,130.0769,100,123.69
2024-05-03 11:59:24,2024-05-03 12:12:22,Demo,BUY,129.13,101.524,10,-276.06
2024-05-06 11:18:13,2024-05-06 11:20:03,Demo,BUY,129.5,118.49,10,-110.1
2024-05-07 11:18:31,2024-05-07 11:22:02,Demo,SELL,129.72,125.6577,100,406.23
2024-05-07 12:41:23,2024-05-07 12:46:14,Demo,SELL,130.35,172.7605,20,-848.21
2024-05-07 10:09:36,2024-05-07 10:14:48,Demo,BUY,130.0,119.754,10,-102.46
2024-05-07 14:53:13,2024-05-07 14:54:56,Demo,BUY,129.48,124.1774,50,-265.13
2024-05-07 12:13:52,2024-05-07 12:15:33,Demo,BUY,128.95,124.0909,100,-485.91
2024-05-07 12:58:24,2024-05-07 13:00:40,Demo,SELL,128.87,123.5897,100,528.03
2024-05-08 13:24:49,2024-05-08 13:29:03,Demo,BUY,128.4,109.4445,20,-379.11
2024-05-08 10:06:36,2024-05-08 10:10:23,Demo,BUY,128.47,123.3368,100,-513.32
2024-05-09 14:15:53,2024-05-09 14:17:17,Demo,BUY,128.51,195.772,10,672.62
2024-05-09 09:43:00,2024-05-09 10:01:48,Demo,SELL,129.02,166.266,10,-372.46
2024-05-09 12:08:23,2024-05-09 12:15:09,Demo,BUY,129.17,138.1184,50,447.42
2024-05-10 14:11:45,2024-05-10 14:18:52,Demo,SELL,128.96,147.975,10,-190.15
2024-05-10 12:53:52,2024-05-10 12:57:10,Demo,BUY,129.16,165.8335,20,733.47
2024-05-10 15:39:28,2024-05-10 15:49:06,Demo,BUY,128.65,137.6452,50,449.76
2024-05-10 14:02:57,2024-05-10 14:03:27,Demo,BUY,128.63,116.465,20,-243.3
2024-05-10 11:28:48,2024-05-10 11:31:14,Demo,SELL,128.79,48.149,10,806.41
2024-05-10 13:28:11,2024-05-10 13:30:05,Demo,BUY,128.85,75.462,10,-533.88
2024-05-10 13:23:56,2024-05-10 13:27:49,Demo,BUY,129.06,125.4865,20,-71.47
2024-05-13 14:39:04,2024-05-13 15:10:31,Demo,SELL,128.74,154.7405,20,-520.01
2024-05-13 12:54:18,2024-05-13 12:55:30,Demo,SELL,129.32,119.0866,50,511.67
2024-05-13 14:03:42,2024-05-13 14:16:23,Demo,SELL,130.23,112.7592,50,873.54
2024-05-13 12:28:56,2024-05-13 12:34:27,Demo,BUY,129.43,136.746,20,146.32
2024-05-13 10:06:36,2024-05-13 10:07:22,Demo,SELL,128.82,136.4545,100,-763.45
2024-05-13 11:29:25,2024-05-13 11:43:08,Demo,BUY,128.84,112.108,10,-167.32
2024-05-13 14:13:50,2024-05-13 14:17:22,Demo,SELL,128.71,159.164,10,-304.54
2024-05-14 13:32:51,2024-05-14 13:36:22,Demo,SELL,129.66,133.5723,100,-391.23
2024-05-14 15:15:14,2024-05-14 15:18:03,Demo,SELL,129.77,156.8235,20,-541.07
2024-05-14 12:29:33,2024-05-14 12:52:33,Demo,BUY,130.47,132.1858,500,857.91
2024-05-14 13:07:37,2024-05-14 13:13:07,Demo,BUY,129.44,200.3185,20,1417.57
2024-05-15 12:58:20,2024-05-15 13:07:31,Demo,BUY,129.85,125.3182,50,-226.59
2024-05-15 12:47:50,2024-05-15 12:55:06,Demo,BUY,129.49,116.0935,20,-267.93
2024-05-15 10:38:02,2024-05-15 10:40:42,Demo,BUY,129.12,129.921,20,16.02
2024-05-15 12:25:17,2024-05-15 12:26:52,Demo,BUY,129.0,119.5415,20,-189.17
2024-05-15 10:32:34,2024-05-15 10:41:40,Demo,BUY,128.29,126.4926,50,-89.87
2024-05-15 11:55:06,2024-05-15 12:04:39,Demo,BUY,128.51,136.949,20,168.78
2024-05-15 11:58:14,2024-05-15 12:03:01,Demo,BUY,128.61,127.2852,200,-264.97
2024-05-16 12:08:16,2024-05-16 12:09:59,Demo,SELL,128.74,97.536,10,312.04
2024-05-16 10:25:00,2024-05-16 10:28:33,Demo,SELL,129.18,170.685,10,-415.05
2024-05-16 10:32:07,2024-05-16 10:33:18,Demo,BUY,129.94,96.1345,20,-676.11
2024-05-16 15:42:59,2024-05-16 15:46:17,Demo,BUY,129.76,125.5764,50,-209.18
2024-05-16 12:45:54,2024-05-16 12:47:38,Demo,BUY,130.0,134.127,100,412.7
2024-05-16 10:12:00,2024-05-16 10:33:39,Demo,BUY,130.14,146.2435,20,322.07
2024-05-16 13:32:46,2024-05-16 13:38:49,Demo,SELL,130.33,129.0406,50,64.47
2024-05-16 13:24:02,2024-05-16 13:26:28,Demo,SELL,130.53,122.1845,20,166.91
2024-05-16 10:55:32,2024-05-16 10:56:52,Demo,BUY,131.32,148.7346,50,870.73
2024-05-17 14:45:31,2024-05-17 14:59:00,Demo,SELL,131.09,138.4712,100,-738.12
2024-05-17 12:30:05,2024-05-17 12:34:30,Demo,SELL,130.33,169.121,10,-387.91
2024-05-17 10:21:23,2024-05-17 10:23:14,Demo,BUY,129.98,208.191,20,1564.22
2024-05-17 15:01:13,2024-05-17 15:09:00,Demo,BUY,130.36,130.4519,500,45.96
2024-05-20 11:36:44,2024-05-20 11:37:41,Demo,BUY,130.37,127.6669,100,-270.31
2024-05-20 09:59:38,2024-05-20 10:00:58,Demo,BUY,130.14,129.355,20,-15.7
2024-05-20 10:55:10,2024-05-20 11:00:18,Demo,SELL,129.6,151.624,20,-440.48
2024-05-20 14:14:41,2024-05-20 14:15:11,Demo,BUY,129.71,160.377,10,306.67
2024-05-20 10:06:19,2024-05-20 10:25:47,Demo,SELL,130.03,128.851,20,23.58
2024-05-20 14:35:13,2024-05-20 14:36:23,Demo,BUY,130.19,124.9815,100,-520.85
2024-05-20 13:37:51,2024-05-20 13:40:25,Demo,SELL,130.06,128.8772,50,59.14
2024-05-20 11:41:49,2024-05-20 11:44:40,Demo,BUY,130.13,69.933,10,-601.97
2024-05-21 11:03:08,2024-05-21 11:05:49,Demo,BUY,130.2,108.949,10,-212.51
2024-05-22 12:30:22,2024-05-22 12:31:37,Demo,SELL,130.3,126.083,10,42.17
2024-05-22 10:12:43,2024-05-22 10:37:11,Demo,SELL,129.7,173.457,10,-437.57
2024-05-22 13:58:20,2024-05-22 14:02:45,Demo,SELL,129.8,142.777,10,-129.77
2024-05-22 15:16:55,2024-05-22 15:25:24,Demo,BUY,129.58,137.1485,20,151.37
2024-05-22 10:35:59,2024-05-22 10:37:29,Demo,SELL,130.1,7.775,10,1223.25
2024-05-23 12:33:25,2024-05-23 13:23:43,Demo,SELL,130.17,162.895,10,-327.25
2024-05-23 13:27:06,2024-05-23 13:30:00,Demo,SELL,130.59,124.054,20,130.72
2024-05-23 12:35:54,2024-05-23 12:37:41,Demo,SELL,130.44,71.964,10,584.76
2024-05-23 13:01:33,2024-05-23 13:05:36,Demo,SELL,130.3,156.603,10,-263.03
2024-05-23 14:14:07,2024-05-23 14:26:33,Demo,SELL,131.05,127.9165,20,62.67
2024-05-23 10:54:53,2024-05-23 10:57:00,Demo,SELL,131.27,61.591,10,696.79
2024-05-23 13:13:48,2024-05-23 13:18:15,Demo,SELL,130.91,115.4735,20,308.73
2024-05-23 13:57:24,2024-05-23 14:15:16,Demo,SELL,131.36,155.14,10,-237.8
2024-05-24 11:01:09,2024-05-24 11:03:08,Demo,BUY,131.09,136.2364,50,257.32
2024-05-24 09:49:29,2024-05-24 09:50:06,Demo,BUY,131.21,130.1469,200,-212.62
2024-05-27 09:43:50,2024-05-27 09:50:25,Demo,SELL,132.13,131.0472,50,54.14
2024-05-27 12:08:38,2024-05-27 12:09:40,Demo,BUY,131.41,178.08,20,933.4
2024-05-27 13:10:58,2024-05-27 13:12:36,Demo,BUY,131.32,127.9112,100,-340.88
2024-05-27 12:57:28,2024-05-27 13:09:11,Demo,SELL,131.53,101.9428,50,1479.36
2024-05-28 12:58:05,2024-05-28 13:11:54,Demo,SELL,131.91,85.037,10,468.73
2024-05-28 14:36:34,2024-05-28 14:43:51,Demo,SELL,131.29,106.019,20,505.42
2024-05-29 09:58:53,2024-05-29 10:04:24,Demo,SELL,130.52,129.8236,100,69.64
2024-05-29 11:48:49,2024-05-29 11:49:50,Demo,SELL,131.06,128.345,20,54.3
2024-05-29 10:04:57,2024-05-29 10:11:45,Demo,SELL,130.7,169.475,10,-387.75
2024-05-29 12:17:57,2024-05-29 12:19:41,Demo,BUY,130.32,118.459,50,-593.05
2024-05-29 11:16:37,2024-05-29 11:38:29,Demo,SELL,131.1,131.5932,100,-49.32
2024-05-30 14:34:44,2024-05-30 14:43:14,Demo,BUY,131.13,118.846,10,-122.84
2024-05-30 14:46:34,2024-05-30 14:58:01,Demo,SELL,131.17,121.431,20,194.78
2024-05-30 11:43:19,2024-05-30 11:46:40,Demo,SELL,131.08,74.727,10,563.53
2024-05-31 15:43:56,2024-05-31 15:44:26,Demo,BUY,130.47,128.2802,50,-109.49
2024-06-03 12:26:35,2024-06-03 12:28:25,Demo,SELL,130.81,145.995,10,-151.85
2024-06-03 13:55:41,2024-06-03 13:58:11,Demo,SELL,131.01,112.7875,20,364.45
2024-06-03 10:55:05,2024-06-03 10:59:46,Demo,BUY,131.1,130.0744,100,-102.56
2024-06-03 14:52:42,2024-06-03 15:14:10,Demo,SELL,131.04,139.242,20,-164.04
2024-06-03 12:17:33,2024-06-03 12:20:07,Demo,BUY,130.89,131.036,50,7.3
2024-06-03 13:14:53,2024-06-03 13:17:26,Demo,SELL,131.35,120.066,20,225.68
2024-06-03 11:38:56,2024-06-03 11:41:49,Demo,SELL,131.28,135.56,10,-42.8
2024-06-03 11:38:30,2024-06-03 11:42:21,Demo,BUY,131.25,138.6664,50,370.82
2024-06-04 13:44:21,2024-06-04 13:53:32,Demo,SELL,131.51,85.554,10,459.56
2024-06-04 09:53:51,2024-06-04 09:57:32,Demo,BUY,131.61,147.752,20,322.84
2024-06-04 12:07:15,2024-06-04 12:10:34,Demo,BUY,132.44,157.466,10,250.26
2024-06-04 10:53:18,2024-06-04 10:59:06,Demo,BUY,131.56,120.9606,50,-529.97
2024-06-04 14:13:35,2024-06-04 14:16:51,Demo,SELL,131.71,130.7591,200,190.18
2024-06-05 14:18:09,2024-06-05 14:28:19,Demo,SELL,131.35,130.511,500,419.5
2024-06-05 12:13:53,2024-06-05 12:15:42,Demo,BUY,130.88,146.3005,20,308.41
2024-06-05 11:41:36,2024-06-05 11:44:00,Demo,SELL,130.65,202.709,10,-720.59
2024-06-05 10:14:03,2024-06-05 10:18:04,Demo,SELL,130.68,149.93,20,-385.0
2024-06-05 11:43:37,2024-06-05 11:44:07,Demo,SELL,130.73,140.2603,100,-953.03
2024-06-05 13:28:09,2024-06-05 13:38:01,Demo,BUY,129.97,115.241,10,-147.29
2024-06-05 14:14:15,2024-06-05 14:19:28,Demo,SELL,129.7,129.8972,200,-39.44
2024-06-05 12:48:38,2024-06-05 12:53:05,Demo,BUY,129.84,167.3345,20,749.89
2024-06-05 12:02:15,2024-06-05 12:03:06,Demo,SELL,129.4,129.0831,500,158.47
2024-06-06 11:00:32,2024-06-06 11:02:56,Demo,SELL,128.85,131.8083,100,-295.83
2024-06-06 15:14:04,2024-06-06 15:15:24,Demo,BUY,127.72,130.3962,100,267.62
2024-06-06 14:35:22,2024-06-06 14:42:33,Demo,SELL,127.39,149.9745,20,-451.69
2024-06-07 15:42:40,2024-06-07 15:44:53,Demo,BUY,126.81,119.613,10,-71.97
2024-06-07 13:45:52,2024-06-07 14:06:40,Demo,SELL,126.32,140.9595,20,-292.79
2024-06-07 09:39:57,2024-06-07 09:51:13,Demo,BUY,126.18,108.486,20,-353.88
2024-06-10 09:39:32,2024-06-10 10:38:01,Demo,SELL,125.88,52.355,10,735.25
2024-06-10 11:35:21,2024-06-10 11:46:34,Demo,SELL,125.3,121.339,20,79.22
2024-06-10 12:47:41,2024-06-10 12:48:11,Demo,SELL,124.24,157.1595,20,-658.39
2024-06-11 12:57:44,2024-06-11 12:59:30,Demo,BUY,124.39,122.4608,50,-96.46
2024-06-11 12:58:05,2024-06-11 13:02:31,Demo,BUY,124.77,117.3252,50,-372.24
2024-06-11 12:30:49,2024-06-11 12:31:57,Demo,BUY,124.57,139.406,10,148.36
2024-06-11 14:28:41,2024-06-11 14:32:31,Demo,SELL,124.44,122.2206,200,443.87
2024-06-11 13:29:17,2024-06-11 13:35:35,Demo,BUY,124.44,149.16,10,247.2
2024-06-12 09:31:37,2024-06-12 09:41:41,Demo,BUY,125.23,116.667,20,-171.26
2024-06-12 12:40:07,2024-06-12 13:04:03,Demo,BUY,124.45,122.8975,20,-31.05
2024-06-12 11:52:15,2024-06-12 11:53:41,Demo,BUY,124.24,121.3644,100,-287.56
2024-06-12 15:33:17,2024-06-12 15:36:40,Demo,BUY,123.38,68.547,10,-548.33
2024-06-12 09:58:47,2024-06-12 10:14:54,Demo,BUY,123.56,118.8565,20,-94.07
2024-06-12 10:00:54,2024-06-12 10:01:24,Demo,BUY,123.49,129.7744,50,314.22
2024-06-13 14:41:48,2024-06-13 14:45:43,Demo,BUY,123.59,81.947,10,-416.43
2024-06-13 13:03:39,2024-06-13 13:23:30,Demo,BUY,123.66,103.8306,50,-991.47
2024-06-13 13:09:31,2024-06-13 13:14:53,Demo,BUY,124.16,124.4679,200,61.58
2024-06-14 11:06:14,2024-06-14 11:11:52,Demo,SELL,124.43,124.4334,500,-1.72
2024-06-14 14:32:13,2024-06-14 14:35:23,Demo,SELL,124.84,98.314,10,265.26
2024-06-14 13:38:59,2024-06-14 13:58:50,Demo,BUY,124.31,151.683,10,273.73
2024-06-14 15:26:00,2024-06-14 15:31:57,Demo,SELL,124.91,153.255,20,-566.9
2024-06-17 10:05:13,2024-06-17 10:09:03,Demo,SELL,124.55,111.4475,20,262.05
2024-06-17 12:19:43,2024-06-17 12:21:40,Demo,BUY,124.21,74.945,10,-492.65
2024-06-18 14:29:21,2024-06-18 14:30:53,Demo,BUY,124.35,186.751,10,624.01
2024-06-18 13:53:15,2024-06-18 13:57:18,Demo,BUY,124.5,123.1263,200,-274.74
2024-06-18 14:43:30,2024-06-18 14:58:36,Demo,SELL,123.96,125.6876,200,-345.53
2024-06-18 10:12:31,2024-06-18 10:14:49,Demo,BUY,123.88,112.847,10,-110.33
2024-06-18 11:16:51,2024-06-18 11:17:30,Demo,SELL,124.62,121.692,20,58.56
2024-06-18 09:37:55,2024-06-18 09:42:54,Demo,BUY,123.89,73.89,20,-1000.0
2024-06-18 15:33:20,2024-06-18 15:59:52,Demo,SELL,124.63,73.854,10,507.76
2024-06-19 11:21:50,2024-06-19 11:33:50,Demo,SELL,124.51,120.3692,50,207.04
2024-06-19 15:26:24,2024-06-19 15:35:10,Demo,BUY,123.34,118.2446,50,-254.77
2024-06-20 10:57:03,2024-06-20 11:00:24,Demo,BUY,122.66,119.4311,100,-322.89
2024-06-20 13:15:21,2024-06-20 13:21:58,Demo,SELL,122.18,112.442,50,486.9
2024-06-21 12:42:11,2024-06-21 12:43:55,Demo,SELL,121.86,108.67,20,263.8
2024-06-21 13:35:21,2024-06-21 13:44:44,Demo,BUY,121.81,115.9028,50,-295.36
2024-06-24 09:34:18,2024-06-24 09:36:57,Demo,BUY,120.46,110.859,10,-96.01
2024-06-24 09:34:42,2024-06-24 09:37:37,Demo,SELL,120.55,74.6135,20,918.73
2024-06-24 09:40:12,2024-06-24 09:42:55,Demo,BUY,120.03,117.1595,20,-57.41
2024-06-24 13:26:43,2024-06-24 13:29:04,Demo,SELL,120.72,102.924,10,177.96
2024-06-24 11:28:53,2024-06-24 11:39:22,Demo,BUY,120.59,128.392,10,78.02
2024-06-24 12:36:45,2024-06-24 12:42:28,Demo,BUY,121.06,69.461,10,-515.99
2024-06-25 12:52:30,2024-06-25 12:54:52,Demo,BUY,121.61,118.9898,200,-524.05
2024-06-25 11:29:43,2024-06-25 11:33:45,Demo,SELL,122.15,179.824,10,-576.74
2024-06-25 15:28:12,2024-06-25 15:33:43,Demo,BUY,121.87,74.558,10,-473.12
2024-06-25 15:03:08,2024-06-25 15:04:45,Demo,SELL,121.58,87.5505,20,680.59
2024-06-26 09:45:23,2024-06-26 09:58:34,Demo,BUY,121.47,129.4148,50,397.24
2024-06-26 09:48:45,2024-06-26 09:54:46,Demo,SELL,121.79,42.674,10,791.16
2024-06-26 12:26:32,2024-06-26 12:28:25,Demo,SELL,121.53,118.6129,200,583.42
2024-06-26 10:34:24,2024-06-26 10:36:52,Demo,BUY,121.47,122.5229,100,105.29
2024-06-26 09:33:46,2024-06-26 09:40:53,Demo,SELL,121.61,111.7375,20,197.45
2024-06-26 13:40:36,2024-06-26 13:41:45,Demo,SELL,121.16,125.6582,50,-224.91
2024-06-26 12:45:49,2024-06-26 12:47:18,Demo,SELL,120.67,73.229,10,474.41
2024-06-27 09:40:45,2024-06-27 09:42:14,Demo,SELL,120.59,113.0525,20,150.75
2024-06-27 15:35:53,2024-06-27 15:48:38,Demo,BUY,120.58,106.1842,50,-719.79
2024-06-27 14:52:54,2024-06-27 14:53:58,Demo,BUY,120.8,211.373,10,905.73
2024-06-27 13:58:07,2024-06-27 14:10:09,Demo,BUY,121.13,251.142,10,1300.12
2024-06-28 13:15:37,2024-06-28 13:20:16,Demo,SELL,120.58,122.365,20,-35.7
2024-06-28 12:02:57,2024-06-28 12:07:30,Demo,SELL,120.18,158.91,10,-387.3
2024-06-28 10:37:59,2024-06-28 10:47:26,Demo,BUY,119.69,122.1615,200,494.3
2024-06-28 14:31:39,2024-06-28 14:38:41,Demo,BUY,120.4,146.094,10,256.94
2024-06-28 12:29:45,2024-06-28 12:31:51,Demo,SELL,120.34,119.6954,50,32.23
2024-07-01 11:00:33,2024-07-01 11:01:05,Demo,BUY,120.35,121.8305,20,29.61
2024-07-01 09:48:18,2024-07-01 10:02:04,Demo,BUY,120.38,116.0284,50,-217.58
2024-07-01 13:57:01,2024-07-01 14:15:41,Demo,SELL,120.02,67.45,20,1051.4
2024-07-01 11:16:56,2024-07-01 11:20:36,Demo,BUY,120.8,114.156,20,-132.88
2024-07-01 11:42:30,2024-07-01 11:56:23,Demo,SELL,121.0,119.5835,100,141.65
2024-07-01 12:02:02,2024-07-01 12:05:00,Demo,BUY,121.02,152.979,20,639.18
2024-07-01 12:24:47,2024-07-01 12:26:51,Demo,SELL,120.47,146.3455,20,-517.51
2024-07-02 09:32:35,2024-07-02 09:34:12,Demo,SELL,119.89,144.0205,20,-482.61
2024-07-02 11:06:19,2024-07-02 11:13:03,Demo,SELL,119.74,122.4942,50,-137.71
2024-07-02 15:27:27,2024-07-02 15:37:09,Demo,SELL,119.39,135.304,20,-318.28
2024-07-03 15:41:49,2024-07-03 15:44:36,Demo,SELL,118.85,118.6764,200,34.73
2024-07-03 13:31:18,2024-07-03 13:42:42,Demo,BUY,118.67,170.034,10,513.64
2024-07-03 13:56:53,2024-07-03 13:57:58,Demo,BUY,118.56,126.207,20,152.94
2024-07-03 15:44:59,2024-07-03 15:50:46,Demo,BUY,118.63,118.8948,50,13.24
2024-07-03 12:52:10,2024-07-03 12:58:49,Demo,SELL,118.38,129.3916,50,-550.58
2024-07-03 14:32:51,2024-07-03 14:34:03,Demo,BUY,117.87,116.0716,100,-179.84
2024-07-04 15:22:05,2024-07-04 15:31:28,Demo,SELL,117.39,117.8655,500,-237.76
2024-07-04 11:33:38,2024-07-04 11:34:29,Demo,SELL,117.99,112.085,20,118.1
2024-07-04 09:32:21,2024-07-04 09:33:19,Demo,BUY,117.37,173.005,10,556.35
2024-07-04 10:14:19,2024-07-04 10:15:53,Demo,SELL,117.55,107.561,10,99.89
2024-07-04 13:22:50,2024-07-04 13:25:50,Demo,BUY,117.81,118.6468,50,41.84
2024-07-04 11:04:21,2024-07-04 11:08:02,Demo,SELL,117.75,121.0595,100,-330.95
2024-07-05 12:18:16,2024-07-05 12:34:59,Demo,SELL,118.63,129.367,10,-107.37
2024-07-05 11:51:12,2024-07-05 11:53:55,Demo,BUY,118.88,205.454,10,865.74
2024-07-05 13:39:09,2024-07-05 13:42:57,Demo,SELL,119.81,164.028,10,-442.18
2024-07-08 09:59:10,2024-07-08 10:05:10,Demo,BUY,119.48,118.0408,100,-143.92
2024-07-08 13:44:42,2024-07-08 13:46:43,Demo,SELL,119.16,94.591,20,491.38
2024-07-08 14:52:10,2024-07-08 15:00:42,Demo,BUY,119.43,125.23,20,116.0
2024-07-08 10:54:35,2024-07-08 11:02:07,Demo,SELL,119.3,151.9725,20,-653.45
2024-07-09 12:23:32,2024-07-09 12:33:27,Demo,BUY,120.14,121.1764,100,103.64
2024-07-09 14:28:35,2024-07-09 14:30:59,Demo,BUY,120.31,123.4716,50,158.08
2024-07-09 13:07:54,2024-07-09 13:13:47,Demo,SELL,119.79,114.6268,50,258.16
2024-07-09 12:28:24,2024-07-09 12:54:01,Demo,BUY,118.92,175.146,10,562.26
2024-07-09 14:07:49,2024-07-09 14:12:15,Demo,SELL,118.88,138.5675,20,-393.75
2024-07-10 13:30:24,2024-07-10 13:32:40,Demo,SELL,118.84,126.0012,50,-358.06
2024-07-10 13:22:45,2024-07-10 13:23:34,Demo,BUY,118.99,122.1154,200,625.09
2024-07-11 09:30:40,2024-07-11 09:39:33,Demo,BUY,119.6,115.355,10,-42.45
2024-07-11 11:07:07,2024-07-11 11:09:58,Demo,BUY,120.14,109.205,10,-109.35
2024-07-12 15:38:21,2024-07-12 15:47:22,Demo,BUY,119.85,111.256,10,-85.94
2024-07-12 14:56:22,2024-07-12 15:03:30,Demo,BUY,119.2,70.5005,20,-973.99
2024-07-12 12:04:37,2024-07-12 12:43:25,Demo,SELL,118.58,117.8121,100,76.79
2024-07-15 14:44:23,2024-07-15 14:48:48,Demo,BUY,118.22,97.65,10,-205.7
2024-07-15 09:54:52,2024-07-15 09:57:25,Demo,SELL,118.03,64.468,20,1071.24
2024-07-15 14:14:04,2024-07-15 14:15:40,Demo,BUY,118.18,117.89,20,-5.8
2024-07-15 10:04:04,2024-07-15 10:09:14,Demo,BUY,117.78,136.125,10,183.45
2024-07-15 11:32:48,2024-07-15 11:38:06,Demo,BUY,117.92,126.8555,20,178.71
2024-07-16 12:02:48,2024-07-16 12:10:32,Demo,SELL,118.11,103.85,10,142.6
2024-07-16 15:19:21,2024-07-16 15:24:16,Demo,BUY,118.18,134.453,20,325.46
2024-07-16 09:35:42,2024-07-16 09:46:47,Demo,SELL,117.61,136.4652,50,-942.76
2024-07-17 09:54:07,2024-07-17 09:56:14,Demo,SELL,117.85,127.3175,20,-189.35
2024-07-17 14:11:50,2024-07-17 14:12:29,Demo,SELL,118.89,103.598,10,152.92
2024-07-17 12:18:08,2024-07-17 12:19:39,Demo,BUY,119.01,115.2536,200,-751.27
2024-07-17 14:09:49,2024-07-17 14:12:22,Demo,SELL,117.53,121.7466,50,-210.83
2024-07-17 13:32:47,2024-07-17 13:36:33,Demo,BUY,118.15,144.228,50,1303.9
2024-07-18 15:05:24,2024-07-18 15:13:05,Demo,SELL,117.8,143.107,10,-253.07
2024-07-18 12:57:46,2024-07-18 13:02:09,Demo,BUY,118.94,124.85,10,59.1
2024-07-18 09:42:51,2024-07-18 09:43:40,Demo,SELL,118.99,84.75,10,342.4
2024-07-18 15:35:09,2024-07-18 15:36:48,Demo,BUY,118.15,135.871,10,177.21
2024-07-18 14:42:58,2024-07-18 14:44:34,Demo,BUY,117.12,124.597,20,149.54
2024-07-18 12:36:30,2024-07-18 12:46:35,Demo,BUY,117.89,127.8735,200,1996.7
2024-07-18 11:21:56,2024-07-18 11:25:13,Demo,SELL,118.44,116.0805,20,47.19
2024-07-18 15:24:19,2024-07-18 15:33:27,Demo,SELL,119.55,108.095,10,114.55
2024-07-19 13:19:38,2024-07-19 13:24:38,Demo,BUY,119.56,74.5495,20,-900.21
2024-07-19 15:00:35,2024-07-19 15:01:05,Demo,SELL,119.53,-4.932,10,1244.62
2024-07-19 12:13:56,2024-07-19 12:14:48,Demo,SELL,119.34,118.3154,50,51.23
2024-07-19 10:16:40,2024-07-19 10:18:59,Demo,SELL,119.01,128.2435,20,-184.67
2024-07-19 14:27:19,2024-07-19 15:07:07,Demo,SELL,118.82,95.2198,50,1180.01
2024-07-19 11:06:48,2024-07-19 11:10:07,Demo,SELL,118.92,118.2931,500,313.44
2024-07-22 14:25:09,2024-07-22 14:29:15,Demo,SELL,118.5,82.964,10,355.36
2024-07-22 15:26:00,2024-07-22 15:28:59,Demo,SELL,117.67,101.5955,20,321.49
2024-07-22 14:08:44,2024-07-22 14:10:39,Demo,BUY,117.75,116.4516,200,-259.68
2024-07-22 10:33:48,2024-07-22 10:40:23,Demo,BUY,117.31,108.6334,50,-433.83
2024-07-22 11:01:22,2024-07-22 12:01:22,Demo,SELL,115.69,106.422,20,185.36
2024-07-23 14:33:04,2024-07-23 14:35:20,Demo,BUY,115.97,117.0794,200,221.87
2024-07-23 09:44:15,2024-07-23 09:53:49,Demo,BUY,115.42,153.779,10,383.59
2024-07-23 10:17:46,2024-07-23 10:22:43,Demo,BUY,115.75,113.7184,200,-406.32
2024-07-23 15:37:34,2024-07-23 15:48:34,Demo,SELL,116.07,95.141,10,209.29
2024-07-23 10:44:52,2024-07-23 10:47:54,Demo,SELL,116.21,122.795,20,-131.7
2024-07-23 15:26:26,2024-07-23 15:31:00,Demo,SELL,117.46,112.3983,100,506.17
2024-07-23 14:25:40,2024-07-23 14:43:35,Demo,SELL,117.39,100.736,10,166.54
2024-07-24 13:04:31,2024-07-24 13:06:31,Demo,SELL,117.24,116.328,20,18.24
2024-07-24 13:02:23,2024-07-24 13:03:38,Demo,BUY,117.59,113.6305,20,-79.19
2024-07-24 11:19:48,2024-07-24 11:29:12,Demo,SELL,117.56,117.475,200,17.0
2024-07-24 10:25:11,2024-07-24 10:36:51,Demo,BUY,118.14,113.785,100,-435.5
2024-07-24 09:46:27,2024-07-24 09:47:58,Demo,SELL,117.5,126.2008,50,-435.04
2024-07-24 10:25:21,2024-07-24 10:33:27,Demo,BUY,116.88,108.0085,20,-177.43
2024-07-25 13:17:34,2024-07-25 13:23:46,Demo,SELL,117.26,119.5502,100,-229.02
2024-07-25 15:05:25,2024-07-25 15:25:51,Demo,SELL,116.68,112.2395,20,88.81
2024-07-25 10:37:13,2024-07-25 10:47:12,Demo,SELL,116.98,100.4835,20,329.93
2024-07-25 11:00:43,2024-07-25 11:02:29,Demo,SELL,117.17,113.334,50,191.8
2024-07-26 14:12:57,2024-07-26 14:13:27,Demo,SELL,116.82,124.932,20,-162.24
2024-07-26 09:59:34,2024-07-26 10:18:14,Demo,SELL,117.01,108.93,10,80.8
2024-07-26 10:33:28,2024-07-26 10:35:57,Demo,BUY,116.39,64.69,10,-517.0
2024-07-26 14:08:35,2024-07-26 14:11:50,Demo,SELL,115.89,101.351,10,145.39
2024-07-29 11:08:09,2024-07-29 11:10:16,Demo,BUY,115.77,117.0175,100,124.75
2024-07-29 10:54:14,2024-07-29 11:09:39,Demo,SELL,115.81,108.0085,20,156.03
2024-07-29 10:00:42,2024-07-29 10:16:04,Demo,BUY,115.66,126.381,50,536.05
2024-07-29 12:17:38,2024-07-29 12:21:56,Demo,BUY,115.87,113.116,20,-55.08
2024-07-29 10:47:38,2024-07-29 11:39:41,Demo,BUY,116.07,95.629,10,-204.41
2024-07-29 12:39:41,2024-07-29 12:46:05,Demo,BUY,116.83,92.586,20,-484.88
2024-07-30 12:46:17,2024-07-30 12:47:40,Demo,BUY,116.78,115.8284,50,-47.58
2024-07-30 09:57:08,2024-07-30 10:01:27,Demo,BUY,117.38,104.994,50,-619.3
2024-07-30 11:17:19,2024-07-30 11:19:15,Demo,SELL,117.84,121.3635,200,-704.7
2024-07-30 13:13:12,2024-07-30 13:18:47,Demo,BUY,118.99,146.5962,50,1380.31
2024-07-30 10:08:02,2024-07-30 10:35:19,Demo,SELL,118.93,28.946,20,1799.68
2024-07-30 10:00:56,2024-07-30 10:04:19,Demo,SELL,118.72,114.9594,50,188.03
2024-07-30 11:01:16,2024-07-30 11:03:09,Demo,BUY,119.34,119.8712,200,106.23
2024-07-30 12:07:08,2024-07-30 12:09:26,Demo,BUY,119.54,113.1422,50,-319.89
2024-07-30 11:27:44,2024-07-30 11:35:18,Demo,SELL,120.18,204.615,10,-844.35
2024-07-31 11:34:06,2024-07-31 11:45:43,Demo,BUY,120.54,87.768,20,-655.44
2024-07-31 10:14:18,2024-07-31 10:17:12,Demo,BUY,119.48,114.8522,50,-231.39
2024-07-31 10:28:20,2024-07-31 10:29:55,Demo,BUY,119.67,117.1276,50,-127.12
2024-07-31 10:24:19,2024-07-31 10:25:40,Demo,BUY,119.83,106.758,10,-130.72
2024-07-31 12:18:01,2024-07-31 12:19:37,Demo,BUY,119.89,118.8428,100,-104.72
2024-08-01 14:57:07,2024-08-01 14:57:37,Demo,BUY,119.83,120.6447,200,162.94
2024-08-01 11:26:30,2024-08-01 11:29:20,Demo,BUY,119.03,178.435,10,594.05
2024-08-01 13:47:14,2024-08-01 13:52:22,Demo,SELL,119.47,111.5068,100,796.32
2024-08-01 13:40:07,2024-08-01 13:55:08,Demo,BUY,119.66,86.561,10,-330.99
2024-08-01 14:30:19,2024-08-01 14:31:05,Demo,SELL,120.21,52.63,10,675.8
2024-08-01 15:09:44,2024-08-01 15:26:13,Demo,SELL,119.44,65.334,10,541.06
2024-08-01 11:40:35,2024-08-01 12:40:35,Demo,SELL,119.69,173.147,10,-534.57
2024-08-02 12:36:12,2024-08-02 12:38:55,Demo,SELL,119.57,115.0235,100,454.65
2024-08-02 15:25:12,2024-08-02 15:29:50,Demo,BUY,119.64,108.956,10,-106.84
2024-08-05 14:46:30,2024-08-05 15:01:37,Demo,SELL,119.53,23.16,10,963.7
2024-08-05 15:35:30,2024-08-05 15:51:58,Demo,SELL,119.81,78.364,10,414.46
2024-08-06 12:37:26,2024-08-06 12:40:56,Demo,SELL,119.72,205.279,10,-855.59
2024-08-06 12:35:20,2024-08-06 12:37:19,Demo,SELL,119.2,159.321,10,-401.21
2024-08-06 14:33:33,2024-08-06 14:38:05,Demo,SELL,119.24,105.3234,50,695.83
2024-08-06 12:49:11,2024-08-06 13:02:40,Demo,BUY,119.13,121.05,10,19.2
2024-08-06 15:04:43,2024-08-06 15:23:15,Demo,BUY,119.09,114.3483,100,-474.17
2024-08-07 14:20:38,2024-08-07 14:51:51,Demo,SELL,117.5,116.7664,100,73.36
2024-08-07 13:52:27,2024-08-07 13:53:47,Demo,BUY,117.84,46.817,10,-710.23
2024-08-07 12:06:10,2024-08-07 12:10:39,Demo,BUY,117.68,117.0312,100,-64.88
2024-08-07 11:36:37,2024-08-07 11:40:20,Demo,SELL,117.01,123.568,10,-65.58
2024-08-07 12:47:06,2024-08-07 12:49:55,Demo,SELL,117.47,147.32,10,-298.5
2024-08-07 14:41:33,2024-08-07 14:44:41,Demo,SELL,117.79,19.956,10,978.34
2024-08-08 15:09:53,2024-08-08 15:30:03,Demo,BUY,117.62,104.262,20,-267.16
2024-08-08 10:06:09,2024-08-08 10:14:20,Demo,SELL,117.05,89.1735,20,557.53
2024-08-09 09:43:05,2024-08-09 09:46:00,Demo,BUY,117.14,113.6146,50,-176.27
2024-08-09 11:12:19,2024-08-09 11:14:02,Demo,BUY,117.2,114.734,20,-49.32
2024-08-09 15:12:18,2024-08-09 15:16:47,Demo,BUY,117.66,113.001,50,-232.95
2024-08-09 13:39:33,2024-08-09 13:40:25,Demo,SELL,117.44,123.661,10,-62.21
2024-08-09 11:29:11,2024-08-09 11:30:06,Demo,BUY,118.04,119.3546,50,65.73
2024-08-09 12:08:13,2024-08-09 12:09:27,Demo,SELL,117.77,108.004,10,97.66
2024-08-09 10:09:12,2024-08-09 10:13:54,Demo,SELL,117.09,-34.839,10,1519.29
2024-08-12 10:02:12,2024-08-12 10:21:51,Demo,SELL,116.53,177.553,10,-610.23
2024-08-12 11:01:38,2024-08-12 11:06:52,Demo,SELL,116.5,187.057,10,-705.57
2024-08-12 12:26:22,2024-08-12 12:27:02,Demo,SELL,116.46,113.083,20,67.54
2024-08-12 14:27:03,2024-08-12 14:29:25,Demo,BUY,116.63,114.1487,100,-248.13
2024-08-12 10:50:57,2024-08-12 10:54:23,Demo,BUY,116.58,44.43,10,-721.5
2024-08-12 11:51:31,2024-08-12 11:54:03,Demo,BUY,117.07,124.1698,50,354.99
2024-08-12 09:32:18,2024-08-12 09:32:51,Demo,BUY,116.94,115.1484,50,-89.58
2024-08-12 09:57:07,2024-08-12 10:05:43,Demo,BUY,115.94,118.735,100,279.5
2024-08-13 13:56:36,2024-08-13 14:29:03,Demo,SELL,115.88,87.012,10,288.68
2024-08-13 13:11:23,2024-08-13 13:13:00,Demo,SELL,114.88,87.873,20,540.14
2024-08-13 11:20:52,2024-08-13 11:33:07,Demo,BUY,115.01,118.8702,200,772.05
2024-08-14 11:25:05,2024-08-14 11:53:59,Demo,BUY,115.54,116.5954,50,52.77
2024-08-14 14:50:18,2024-08-14 14:52:54,Demo,BUY,115.05,116.44,20,27.8
2024-08-14 09:51:47,2024-08-14 09:52:55,Demo,SELL,115.76,63.606,10,521.54
2024-08-14 13:37:32,2024-08-14 14:34:55,Demo,SELL,116.18,75.533,10,406.47
2024-08-15 15:05:14,2024-08-15 15:06:08,Demo,SELL,116.78,141.494,20,-494.28
2024-08-15 12:20:38,2024-08-15 12:25:57,Demo,BUY,116.88,116.2822,50,-29.89
2024-08-15 14:56:35,2024-08-15 15:20:30,Demo,BUY,116.38,208.162,10,917.82
2024-08-15 12:24:45,2024-08-15 12:30:17,Demo,BUY,116.77,112.6365,20,-82.67
2024-08-16 14:10:59,2024-08-16 14:13:44,Demo,BUY,116.46,103.845,20,-252.3
2024-08-16 11:38:04,2024-08-16 11:40:09,Demo,SELL,116.52,131.354,20,-296.68
2024-08-16 09:39:17,2024-08-16 09:49:02,Demo,BUY,116.43,115.73,50,-35.0
2024-08-16 13:54:43,2024-08-16 13:56:21,Demo,BUY,116.99,118.2919,100,130.19
2024-08-16 13:04:29,2024-08-16 13:08:40,Demo,BUY,117.36,91.692,20,-513.36
2024-08-16 11:29:26,2024-08-16 11:33:11,Demo,SELL,117.32,120.311,100,-299.1
2024-08-19 13:15:27,2024-08-19 13:16:02,Demo,SELL,116.34,185.6,10,-692.6
2024-08-19 10:10:54,2024-08-19 10:16:05,Demo,BUY,116.03,94.218,10,-218.12
2024-08-20 10:16:48,2024-08-20 10:17:18,Demo,SELL,116.38,39.286,10,770.94
2024-08-20 11:20:42,2024-08-20 11:32:25,Demo,SELL,116.52,149.234,10,-327.14
2024-08-21 13:45:09,2024-08-21 13:50:14,Demo,SELL,115.77,91.611,10,241.59
2024-08-21 10:33:22,2024-08-21 10:46:49,Demo,SELL,114.86,-1.129,10,1159.89
2024-08-21 11:12:22,2024-08-21 11:15:16,Demo,SELL,114.96,111.3438,100,361.62
2024-08-21 14:50:03,2024-08-21 14:53:42,Demo,BUY,114.43,23.849,10,-905.81
2024-08-22 13:51:28,2024-08-22 14:07:50,Demo,BUY,113.95,117.2286,50,163.93
2024-08-23 10:01:03,2024-08-23 10:04:24,Demo,BUY,114.29,146.766,10,324.76
2024-08-23 13:41:12,2024-08-23 13:53:52,Demo,SELL,114.89,115.501,200,-122.2
2024-08-23 10:35:35,2024-08-23 10:37:26,Demo,SELL,114.51,124.823,50,-515.65
2024-08-23 15:33:46,2024-08-23 15:35:09,Demo,SELL,114.49,76.959,10,375.31
2024-08-23 10:11:30,2024-08-23 10:19:54,Demo,SELL,114.46,121.802,50,-367.1
2024-08-23 09:48:57,2024-08-23 09:50:40,Demo,BUY,114.37,66.9105,20,-949.19
2024-08-23 15:11:41,2024-08-23 15:24:14,Demo,BUY,114.39,119.2674,50,243.87
2024-08-26 15:03:41,2024-08-26 15:14:12,Demo,BUY,114.77,113.096,20,-33.48
2024-08-26 14:52:17,2024-08-26 14:54:59,Demo,BUY,114.43,104.396,50,-501.7
2024-08-26 14:36:23,2024-08-26 14:38:18,Demo,BUY,113.67,107.5484,50,-306.08
2024-08-27 14:23:31,2024-08-27 14:25:41,Demo,BUY,114.52,92.382,20,-442.76
2024-08-27 14:14:39,2024-08-27 14:24:18,Demo,SELL,115.06,37.286,10,777.74
2024-08-27 15:12:16,2024-08-27 15:15:52,Demo,SELL,114.51,113.8019,100,70.81
2024-08-27 12:12:44,2024-08-27 12:15:35,Demo,BUY,114.58,104.324,20,-205.12
2024-08-27 15:37:32,2024-08-27 15:44:02,Demo,SELL,115.08,132.984,20,-358.08
2024-08-27 11:50:48,2024-08-27 11:57:25,Demo,BUY,115.46,152.677,10,372.17
2024-08-28 15:05:31,2024-08-28 15:07:42,Demo,BUY,115.69,145.72,20,600.6
2024-08-28 12:42:08,2024-08-28 12:47:42,Demo,SELL,115.6,115.4783,500,60.84
2024-08-28 15:24:41,2024-08-28 15:28:08,Demo,BUY,116.47,261.216,10,1447.46
2024-08-28 11:53:25,2024-08-28 11:55:21,Demo,BUY,116.58,132.6055,20,320.51
2024-08-28 10:03:34,2024-08-28 10:06:56,Demo,BUY,116.32,129.1046,50,639.23
2024-08-28 12:01:41,2024-08-28 12:04:02,Demo,SELL,116.76,112.5137,100,424.63
2024-08-28 09:33:07,2024-08-28 09:56:00,Demo,SELL,116.8,108.685,20,162.3
2024-08-28 10:04:52,2024-08-28 10:12:51,Demo,SELL,116.98,122.966,20,-119.72
2024-08-29 14:38:34,2024-08-29 14:39:10,Demo,SELL,117.08,119.069,200,-397.8
2024-08-29 13:44:31,2024-08-29 13:49:33,Demo,BUY,117.33,109.31,50,-401.0
2024-08-30 11:06:16,2024-08-30 11:23:44,Demo,SELL,116.84,66.077,10,507.63
2024-08-30 11:40:23,2024-08-30 11:44:28,Demo,SELL,116.11,152.479,10,-363.69
2024-09-02 13:51:57,2024-09-02 13:52:46,Demo,SELL,116.83,155.6805,20,-777.01
2024-09-02 10:12:35,2024-09-02 10:14:29,Demo,BUY,116.96,118.527,10,15.67
2024-09-02 15:33:13,2024-09-02 15:42:58,Demo,SELL,117.34,71.373,10,459.67
2024-09-03 10:48:47,2024-09-03 10:50:57,Demo,SELL,116.46,120.94,100,-448.0
2024-09-03 15:09:09,2024-09-03 15:22:02,Demo,BUY,116.99,136.001,10,190.11
2024-09-03 13:49:52,2024-09-03 13:55:15,Demo,BUY,116.73,109.4126,50,-365.87
2024-09-03 15:39:33,2024-09-03 15:43:52,Demo,BUY,116.33,117.175,10,8.45
2024-09-03 13:12:44,2024-09-03 13:18:06,Demo,BUY,116.3,107.3494,50,-447.53
2024-09-03 13:41:01,2024-09-03 13:48:25,Demo,SELL,115.81,111.8418,50,198.41
2024-09-03 11:02:45,2024-09-03 11:04:29,Demo,BUY,115.81,113.816,10,-19.94
2024-09-04 13:46:09,2024-09-04 13:51:13,Demo,SELL,115.74,124.6435,20,-178.07
2024-09-04 09:32:39,2024-09-04 09:47:27,Demo,SELL,116.27,125.242,10,-89.72
2024-09-04 12:52:25,2024-09-04 13:01:33,Demo,SELL,117.03,117.9838,100,-95.38
2024-09-04 12:03:23,2024-09-04 12:04:55,Demo,SELL,117.77,108.1521,100,961.79
2024-09-05 11:47:24,2024-09-05 11:52:34,Demo,SELL,116.64,104.1985,20,248.83
2024-09-05 14:41:31,2024-09-05 14:57:33,Demo,BUY,116.17,134.649,20,369.58
2024-09-05 09:50:28,2024-09-05 09:55:34,Demo,SELL,115.03,116.077,20,-20.94
2024-09-05 12:03:47,2024-09-05 12:10:02,Demo,SELL,114.43,103.6972,50,536.64
2024-09-05 11:10:46,2024-09-05 11:12:48,Demo,SELL,114.11,114.944,20,-16.68
2024-09-06 13:00:41,2024-09-06 13:03:23,Demo,BUY,114.31,118.825,10,45.15
2024-09-06 13:56:38,2024-09-06 13:58:48,Demo,SELL,114.05,111.538,20,50.24
2024-09-06 10:22:47,2024-09-06 10:26:55,Demo,SELL,113.81,87.67,10,261.4
2024-09-06 12:49:49,2024-09-06 12:52:45,Demo,BUY,113.9,116.4148,50,125.74
2024-09-06 13:24:47,2024-09-06 13:29:32,Demo,SELL,113.05,58.988,10,540.62
2024-09-06 15:44:00,2024-09-06 15:50:35,Demo,SELL,112.63,92.9308,50,984.96
2024-09-09 15:42:15,2024-09-09 15:45:40,Demo,BUY,112.37,147.801,10,354.31
2024-09-09 10:57:56,2024-09-09 11:02:50,Demo,SELL,112.27,167.254,10,-549.84
2024-09-09 11:06:33,2024-09-09 11:07:58,Demo,SELL,112.31,109.0238,50,164.31
2024-09-10 10:45:23,2024-09-10 10:55:00,Demo,SELL,113.06,112.4463,500,306.84
2024-09-10 12:23:00,2024-09-10 12:27:44,Demo,SELL,113.52,122.59,50,-453.5
2024-09-10 10:07:04,2024-09-10 10:14:31,Demo,SELL,113.13,119.771,10,-66.41
2024-09-10 12:44:44,2024-09-10 12:48:10,Demo,BUY,113.0,102.667,10,-103.33
2024-09-11 12:27:20,2024-09-11 12:31:09,Demo,BUY,112.84,117.8557,100,501.57
2024-09-11 12:51:31,2024-09-11 13:21:06,Demo,BUY,112.58,110.1345,20,-48.91
2024-09-11 12:49:52,2024-09-11 12:56:44,Demo,SELL,112.72,160.314,10,-475.94
2024-09-12 13:46:12,2024-09-12 13:48:00,Demo,SELL,111.79,114.3252,100,-253.52
2024-09-12 15:03:11,2024-09-12 15:04:36,Demo,SELL,112.23,112.8198,100,-58.98
2024-09-12 13:03:40,2024-09-12 13:15:25,Demo,BUY,113.07,112.7023,500,-183.85
2024-09-12 14:00:11,2024-09-12 14:07:43,Demo,SELL,112.94,114.4794,200,-307.88
2024-09-13 13:10:00,2024-09-13 13:23:35,Demo,SELL,112.79,119.9386,100,-714.86
2024-09-13 14:21:48,2024-09-13 14:22:18,Demo,SELL,112.87,96.45,10,164.2
2024-09-16 15:37:36,2024-09-16 15:41:33,Demo,BUY,113.38,102.121,10,-112.59
2024-09-16 09:52:58,2024-09-16 09:53:55,Demo,BUY,113.22,138.8995,20,513.59
2024-09-16 11:11:33,2024-09-16 11:14:51,Demo,SELL,113.69,133.064,20,-387.48
2024-09-17 10:59:15,2024-09-17 11:04:19,Demo,SELL,113.93,95.8485,20,361.63
2024-09-17 13:13:31,2024-09-17 13:14:35,Demo,SELL,115.11,118.919,20,-76.18
2024-09-17 13:43:53,2024-09-17 13:51:28,Demo,BUY,114.95,149.115,20,683.3
2024-09-17 15:07:57,2024-09-17 15:09:15,Demo,BUY,113.96,93.242,20,-414.36
2024-09-17 10:03:25,2024-09-17 10:11:23,Demo,BUY,113.24,167.763,10,545.23
2024-09-17 12:06:28,2024-09-17 12:07:51,Demo,SELL,113.25,125.418,10,-121.68
2024-09-17 14:32:36,2024-09-17 14:34:32,Demo,BUY,113.76,118.933,20,103.46
2024-09-18 13:33:29,2024-09-18 13:36:10,Demo,SELL,113.44,114.8412,50,-70.06
2024-09-18 14:02:43,2024-09-18 14:07:23,Demo,SELL,113.32,171.956,10,-586.36
2024-09-18 14:27:25,2024-09-18 14:30:19,Demo,BUY,113.66,107.5525,20,-122.15
2024-09-18 15:29:28,2024-09-18 15:32:24,Demo,SELL,113.18,103.972,50,460.4
2024-09-18 13:32:42,2024-09-18 13:40:09,Demo,BUY,112.87,144.0245,20,623.09
2024-09-19 14:28:52,2024-09-19 14:29:34,Demo,SELL,112.29,162.706,10,-504.16
2024-09-19 10:05:00,2024-09-19 10:09:35,Demo,SELL,112.88,139.383,20,-530.06
2024-09-19 12:47:29,2024-09-19 12:50:43,Demo,BUY,113.65,60.291,10,-533.59
2024-09-20 11:52:58,2024-09-20 11:54:28,Demo,SELL,112.86,113.5337,200,-134.74
2024-09-20 10:05:58,2024-09-20 10:13:50,Demo,SELL,112.79,69.523,10,432.67
2024-09-20 15:26:03,2024-09-20 15:29:08,Demo,SELL,113.49,124.2922,50,-540.11
2024-09-20 13:03:48,2024-09-20 13:10:47,Demo,SELL,113.69,39.533,10,741.57
2024-09-20 14:57:23,2024-09-20 15:01:17,Demo,SELL,113.45,84.6525,20,575.95
2024-09-20 13:43:13,2024-09-20 13:44:28,Demo,SELL,112.67,104.491,20,163.58
2024-09-20 14:56:51,2024-09-20 15:09:16,Demo,SELL,113.25,134.708,10,-214.58
2024-09-23 12:33:43,2024-09-23 12:38:19,Demo,SELL,113.43,122.395,20,-179.3
2024-09-23 10:15:45,2024-09-23 10:34:55,Demo,BUY,112.7,118.336,10,56.36
2024-09-23 15:44:35,2024-09-23 15:52:34,Demo,BUY,113.29,147.9305,20,692.81
2024-09-24 13:48:13,2024-09-24 13:55:35,Demo,SELL,112.49,114.798,50,-115.4
2024-09-24 15:10:47,2024-09-24 15:12:00,Demo,SELL,112.38,131.9885,20,-392.17
2024-09-24 10:37:05,2024-09-24 10:38:13,Demo,BUY,112.25,112.0473,100,-20.27
2024-09-24 14:45:50,2024-09-24 14:47:00,Demo,SELL,113.06,109.9196,50,157.02
2024-09-24 13:20:39,2024-09-24 13:21:35,Demo,BUY,112.93,139.6245,20,533.89
2024-09-24 09:41:59,2024-09-24 09:52:56,Demo,BUY,112.79,203.876,10,910.86
2024-09-24 15:05:02,2024-09-24 15:06:05,Demo,BUY,112.11,106.2325,20,-117.55
2024-09-25 15:16:26,2024-09-25 15:24:24,Demo,SELL,111.79,99.228,50,628.1
2024-09-25 13:19:27,2024-09-25 13:27:28,Demo,SELL,111.38,185.025,10,-736.45
2024-09-26 12:38:28,2024-09-26 12:39:17,Demo,SELL,111.0,101.5777,100,942.23
2024-09-26 11:54:40,2024-09-26 11:56:26,Demo,BUY,111.0,84.179,10,-268.21
2024-09-26 10:06:44,2024-09-26 10:10:24,Demo,BUY,109.79,103.1859,100,-660.41
2024-09-26 09:48:22,2024-09-26 09:49:09,Demo,BUY,109.03,122.252,10,132.22
2024-09-27 10:57:23,2024-09-27 10:59:25,Demo,SELL,108.98,113.2664,100,-428.64
2024-09-27 13:21:53,2024-09-27 13:25:47,Demo,BUY,109.04,119.4065,20,207.33
2024-09-27 15:30:07,2024-09-27 15:34:16,Demo,BUY,108.92,75.612,10,-333.08
2024-09-27 14:07:41,2024-09-27 14:12:49,Demo,SELL,108.9,58.251,10,506.49
2024-09-30 14:06:56,2024-09-30 14:14:50,Demo,BUY,108.7,98.699,20,-200.02
2024-09-30 12:26:41,2024-09-30 12:28:23,Demo,BUY,108.69,108.1013,500,-294.33
2024-09-30 12:45:04,2024-09-30 12:59:45,Demo,SELL,108.9,124.1,10,-152.0
2024-10-01 11:54:12,2024-10-01 12:01:19,Demo,SELL,109.12,91.874,10,172.46
2024-10-01 15:05:48,2024-10-01 15:15:51,Demo,BUY,108.77,84.2535,20,-490.33
2024-10-01 11:26:46,2024-10-01 11:31:05,Demo,SELL,109.23,135.47,20,-524.8
2024-10-02 15:01:07,2024-10-02 15:13:39,Demo,BUY,109.31,91.974,20,-346.72
2024-10-02 09:33:35,2024-10-02 09:40:25,Demo,SELL,109.92,112.7496,50,-141.48
2024-10-02 12:15:15,2024-10-02 12:17:15,Demo,BUY,110.64,21.453,10,-891.87
2024-10-02 15:22:45,2024-10-02 15:27:05,Demo,SELL,109.92,108.9427,200,195.46
2024-10-02 10:25:13,2024-10-02 10:31:36,Demo,BUY,109.49,118.186,20,173.92
2024-10-02 11:08:59,2024-10-02 11:13:57,Demo,SELL,109.9,124.71,10,-148.1
2024-10-02 13:34:56,2024-10-02 13:36:18,Demo,SELL,109.06,107.9486,50,55.57
2024-10-02 12:36:25,2024-10-02 12:39:54,Demo,SELL,109.77,108.1492,50,81.04
2024-10-03 14:35:30,2024-10-03 14:37:31,Demo,SELL,109.6,134.293,20,-493.86
2024-10-03 15:30:25,2024-10-03 15:44:40,Demo,SELL,109.89,114.1118,50,-211.09
2024-10-04 11:17:00,2024-10-04 11:21:32,Demo,SELL,109.83,132.677,10,-228.47
2024-10-04 12:47:17,2024-10-04 12:53:26,Demo,SELL,109.14,107.1785,20,39.23
2024-10-07 14:47:09,2024-10-07 14:52:33,Demo,BUY,109.66,113.0464,100,338.64
2024-10-07 12:25:41,2024-10-07 12:45:15,Demo,BUY,111.04,153.894,10,428.54
2024-10-07 10:02:12,2024-10-07 10:42:25,Demo,SELL,110.78,44.3545,20,1328.51
2024-10-07 11:03:57,2024-10-07 11:04:48,Demo,SELL,110.62,116.7173,100,-609.73
2024-10-07 09:48:36,2024-10-07 09:59:11,Demo,BUY,109.3,111.209,200,381.79
2024-10-07 11:56:51,2024-10-07 12:00:44,Demo,BUY,109.97,113.673,20,74.06
2024-10-08 11:17:54,2024-10-08 11:24:16,Demo,SELL,110.43,113.4685,20,-60.77
2024-10-08 13:22:59,2024-10-08 13:28:53,Demo,BUY,109.56,79.899,20,-593.22
2024-10-08 12:45:55,2024-10-08 12:46:44,Demo,BUY,108.53,107.5152,200,-202.97
2024-10-08 11:29:46,2024-10-08 11:36:14,Demo,SELL,107.55,113.6099,100,-605.99
2024-10-08 11:11:42,2024-10-08 11:16:37,Demo,SELL,107.88,26.79,10,810.9
2024-10-08 09:40:19,2024-10-08 09:42:25,Demo,SELL,108.25,140.498,20,-644.96
2024-10-09 09:44:42,2024-10-09 09:46:29,Demo,BUY,107.79,118.132,20,206.84
2024-10-09 09:51:36,2024-10-09 10:06:49,Demo,SELL,108.04,108.8436,50,-40.18
2024-10-09 13:25:22,2024-10-09 13:31:36,Demo,SELL,108.12,106.6216,50,74.92
2024-10-10 10:59:26,2024-10-10 11:03:35,Demo,BUY,107.93,94.164,50,-688.3
2024-10-11 11:55:11,2024-10-11 11:58:55,Demo,SELL,108.42,106.4269,500,996.53
2024-10-11 10:27:03,2024-10-11 10:28:13,Demo,BUY,107.81,156.275,10,484.65
2024-10-14 12:20:11,2024-10-14 12:28:33,Demo,BUY,108.39,65.48,10,-429.1
2024-10-14 15:29:02,2024-10-14 15:30:09,Demo,BUY,108.02,91.171,20,-336.98
2024-10-15 12:57:54,2024-10-15 13:03:26,Demo,BUY,108.91,92.689,20,-324.42
2024-10-15 14:44:12,2024-10-15 14:55:54,Demo,BUY,108.41,133.314,10,249.04
2024-10-15 15:03:23,2024-10-15 15:10:57,Demo,BUY,108.24,88.718,10,-195.22
2024-10-16 10:36:49,2024-10-16 10:40:07,Demo,SELL,108.27,116.249,50,-398.95
2024-10-16 14:58:30,2024-10-16 14:59:40,Demo,SELL,108.29,94.4682,100,1382.18
2024-10-16 10:52:47,2024-10-16 11:00:14,Demo,SELL,108.54,112.9155,20,-87.51
2024-10-17 14:42:33,2024-10-17 14:58:53,Demo,BUY,107.89,119.578,20,233.76
2024-10-17 13:48:34,2024-10-17 13:52:55,Demo,SELL,107.88,130.718,10,-228.38
2024-10-18 12:35:28,2024-10-18 12:45:20,Demo,BUY,107.94,96.0838,50,-592.81
2024-10-18 09:49:56,2024-10-18 09:53:12,Demo,SELL,107.68,106.1372,50,77.14
2024-10-18 12:54:57,2024-10-18 13:54:57,Demo,BUY,107.88,112.413,20,90.66
2024-10-21 15:16:46,2024-10-21 15:17:42,Demo,SELL,107.21,126.163,10,-189.53
2024-10-22 15:06:48,2024-10-22 15:08:45,Demo,BUY,107.05,42.873,10,-641.77
2024-10-22 12:13:41,2024-10-22 12:18:52,Demo,SELL,106.67,36.337,10,703.33
2024-10-22 11:39:38,2024-10-22 11:44:08,Demo,BUY,106.51,139.829,20,666.38
2024-10-23 14:49:09,2024-10-23 14:56:29,Demo,SELL,107.23,103.6171,100,361.29
2024-10-23 15:15:53,2024-10-23 15:16:31,Demo,BUY,107.97,102.0139,100,-595.61
2024-10-23 14:53:12,2024-10-23 15:13:36,Demo,SELL,108.6,134.899,20,-525.98
2024-10-24 14:39:05,2024-10-24 14:45:43,Demo,SELL,108.37,96.161,50,610.45
2024-10-24 13:26:52,2024-10-24 13:34:44,Demo,SELL,108.82,101.9442,200,1375.15
2024-10-24 10:01:53,2024-10-24 10:03:15,Demo,BUY,108.88,150.685,10,418.05
2024-10-24 13:06:36,2024-10-24 13:14:52,Demo,BUY,108.9,143.2015,20,686.03
2024-10-25 10:17:51,2024-10-25 10:24:54,Demo,BUY,108.86,105.9686,200,-578.27
2024-10-25 12:25:21,2024-10-25 13:22:10,Demo,BUY,109.74,117.81,20,161.4
2024-10-25 12:27:22,2024-10-25 12:30:38,Demo,BUY,110.43,108.1508,200,-455.85
2024-10-25 12:20:30,2024-10-25 12:21:50,Demo,SELL,110.8,110.1665,500,316.73
2024-10-25 11:14:57,2024-10-25 11:18:19,Demo,BUY,110.71,109.8,50,-45.5
2024-10-25 10:06:19,2024-10-25 10:16:34,Demo,SELL,110.73,103.2269,100,750.31
2024-10-25 12:33:50,2024-10-25 12:36:40,Demo,SELL,111.0,100.7198,50,514.01
2024-10-25 10:23:00,2024-10-25 10:23:30,Demo,BUY,110.74,117.1846,50,322.23
2024-10-25 15:15:00,2024-10-25 15:16:43,Demo,SELL,111.21,112.73,20,-30.4
2024-10-25 14:13:18,2024-10-25 14:14:45,Demo,BUY,110.75,118.065,10,73.15
2024-10-28 13:21:09,2024-10-28 13:21:39,Demo,BUY,110.94,133.9005,20,459.21
2024-10-28 13:50:39,2024-10-28 13:55:37,Demo,BUY,109.8,103.0482,50,-337.59
2024-10-28 12:42:26,2024-10-28 12:44:57,Demo,SELL,109.52,-15.251,10,1247.71
2024-10-28 13:28:20,2024-10-28 13:38:57,Demo,BUY,110.56,91.493,10,-190.67
2024-10-29 15:03:11,2024-10-29 15:14:56,Demo,BUY,111.08,149.603,10,385.23
2024-10-29 14:07:53,2024-10-29 14:10:24,Demo,BUY,111.85,128.8262,50,848.81
2024-10-29 11:20:14,2024-10-29 11:23:41,Demo,SELL,111.51,113.6204,200,-422.08
2024-10-29 10:41:16,2024-10-29 10:49:12,Demo,BUY,111.56,112.5875,500,513.73
2024-10-29 10:49:36,2024-10-29 10:51:40,Demo,SELL,112.21,123.1915,20,-219.63
2024-10-29 12:14:25,2024-10-29 12:18:38,Demo,SELL,112.52,112.5082,100,1.18
2024-10-29 13:22:06,2024-10-29 13:23:28,Demo,BUY,112.78,103.4822,50,-464.89
2024-10-30 11:03:54,2024-10-30 11:05:16,Demo,SELL,113.59,104.573,20,180.34
2024-10-30 11:06:50,2024-10-30 11:19:10,Demo,SELL,113.07,74.4935,20,771.53
2024-10-30 13:01:47,2024-10-30 13:03:25,Demo,BUY,112.98,109.564,10,-34.16
2024-10-30 14:57:04,2024-10-30 15:00:14,Demo,BUY,112.1,110.1403,200,-391.94
2024-10-30 10:15:49,2024-10-30 10:28:29,Demo,BUY,111.55,100.436,20,-222.28
2024-10-30 13:09:16,2024-10-30 13:18:56,Demo,SELL,112.09,85.772,20,526.36
2024-10-31 14:06:29,2024-10-31 14:13:45,Demo,BUY,111.63,108.6182,50,-150.59
2024-11-01 15:19:35,2024-11-01 15:37:08,Demo,SELL,112.0,88.979,20,460.42
2024-11-01 13:41:28,2024-11-01 13:42:11,Demo,SELL,112.83,101.173,10,116.57
2024-11-01 12:47:14,2024-11-01 13:05:27,Demo,SELL,112.74,107.8114,50,246.43
2024-11-01 13:29:27,2024-11-01 13:31:54,Demo,SELL,113.0,151.941,10,-389.41
2024-11-01 10:45:38,2024-11-01 10:50:17,Demo,SELL,113.37,94.6378,50,936.61
2024-11-01 12:02:48,2024-11-01 12:03:30,Demo,BUY,112.76,109.569,20,-63.82
2024-11-01 15:05:06,2024-11-01 15:08:02,Demo,BUY,112.45,137.2706,50,1241.03
2024-11-04 10:17:12,2024-11-04 10:57:53,Demo,SELL,111.95,115.9182,50,-198.41
2024-11-05 15:37:43,2024-11-05 15:49:23,Demo,SELL,111.68,124.13,20,-249.0
2024-11-05 12:35:56,2024-11-05 12:37:26,Demo,BUY,112.04,129.914,20,357.48
2024-11-05 12:35:08,2024-11-05 12:39:20,Demo,BUY,111.74,118.5182,50,338.91
2024-11-05 12:15:44,2024-11-05 12:17:18,Demo,SELL,111.73,109.2854,50,122.23
2024-11-05 10:13:30,2024-11-05 10:20:58,Demo,SELL,111.2,131.2,50,-1000.0
2024-11-06 15:13:03,2024-11-06 15:16:26,Demo,BUY,111.82,109.4347,100,-238.53
2024-11-06 15:07:18,2024-11-06 15:10:15,Demo,BUY,111.55,104.698,10,-68.52
2024-11-06 14:54:16,2024-11-06 15:18:49,Demo,SELL,112.31,103.902,20,168.16
2024-11-06 09:36:46,2024-11-06 09:40:05,Demo,BUY,112.34,112.8726,200,106.53
2024-11-06 09:41:20,2024-11-06 09:45:08,Demo,BUY,111.63,89.142,20,-449.76
2024-11-06 14:45:08,2024-11-06 14:47:57,Demo,SELL,111.55,109.045,10,25.05
2024-11-06 09:52:43,2024-11-06 09:55:17,Demo,SELL,111.02,156.2645,20,-904.89
2024-11-07 12:08:43,2024-11-07 12:17:14,Demo,SELL,111.31,132.35,10,-210.4
2024-11-07 10:07:10,2024-11-07 10:19:55,Demo,BUY,111.18,81.63,10,-295.5
2024-11-07 10:41:27,2024-11-07 10:41:57,Demo,SELL,111.26,111.5075,500,-123.76
2024-11-07 12:50:46,2024-11-07 12:54:33,Demo,BUY,111.08,134.98,20,478.0
2024-11-07 14:55:55,2024-11-07 15:04:05,Demo,SELL,110.8,96.915,10,138.85
2024-11-07 11:10:33,2024-11-07 11:20:04,Demo,SELL,110.31,110.2065,500,51.73
2024-11-08 11:52:40,2024-11-08 11:56:30,Demo,BUY,110.73,111.0243,200,58.86
2024-11-08 13:26:51,2024-11-08 13:33:16,Demo,BUY,110.64,92.7045,20,-358.71
2024-11-08 14:52:36,2024-11-08 14:57:32,Demo,SELL,110.49,154.276,10,-437.86
2024-11-08 11:45:12,2024-11-08 12:00:27,Demo,SELL,110.39,105.6418,100,474.82
2024-11-08 10:58:07,2024-11-08 11:02:13,Demo,BUY,110.05,98.4342,50,-580.79
2024-11-11 11:17:06,2024-11-11 11:19:12,Demo,SELL,109.89,112.2634,50,-118.67
2024-11-11 12:43:19,2024-11-11 12:46:31,Demo,BUY,110.0,107.6461,100,-235.39
2024-11-11 10:00:55,2024-11-11 10:06:15,Demo,BUY,109.48,94.8016,50,-733.92
2024-11-11 11:45:25,2024-11-11 11:45:55,Demo,SELL,109.03,137.84,10,-288.1
2024-11-12 10:53:06,2024-11-12 11:05:19,Demo,BUY,109.72,137.3004,50,1379.02
2024-11-12 09:54:41,2024-11-12 10:01:58,Demo,BUY,109.54,93.811,20,-314.58
2024-11-12 14:54:37,2024-11-12 15:05:49,Demo,BUY,109.27,100.0554,50,-460.73
2024-11-12 14:17:46,2024-11-12 14:19:37,Demo,SELL,108.59,123.2838,50,-734.69
2024-11-12 14:57:41,2024-11-12 15:01:46,Demo,BUY,109.02,74.008,10,-350.12
2024-11-12 14:01:51,2024-11-12 14:06:02,Demo,SELL,108.49,91.2395,20,345.01
2024-11-12 15:19:39,2024-11-12 15:24:09,Demo,SELL,108.48,126.5645,20,-361.69
2024-11-12 10:45:59,2024-11-12 10:48:44,Demo,SELL,107.63,116.278,20,-172.96
2024-11-12 15:28:35,2024-11-12 15:31:15,Demo,BUY,108.04,105.074,50,-148.3
2024-11-13 14:56:21,2024-11-13 14:57:32,Demo,BUY,108.63,113.371,20,94.82
2024-11-13 14:05:23,2024-11-13 14:08:01,Demo,SELL,108.87,111.9556,50,-154.28
2024-11-13 09:53:44,2024-11-13 09:57:22,Demo,SELL,108.1,117.922,10,-98.22
2024-11-14 11:10:43,2024-11-14 11:18:57,Demo,BUY,108.52,106.3728,50,-107.36
2024-11-14 11:26:29,2024-11-14 11:27:27,Demo,SELL,108.11,108.3795,100,-26.95
2024-11-14 14:54:48,2024-11-14 15:02:12,Demo,SELL,107.52,110.9986,50,-173.93
2024-11-14 14:03:53,2024-11-14 14:28:53,Demo,BUY,107.33,108.9875,20,33.15
2024-11-14 12:54:13,2024-11-14 12:56:19,Demo,SELL,107.13,107.5572,200,-85.43
2024-11-14 14:46:30,2024-11-14 14:51:18,Demo,BUY,106.88,58.867,10,-480.13
2024-11-14 13:13:15,2024-11-14 13:17:09,Demo,BUY,107.51,229.361,10,1218.51
2024-11-14 10:32:45,2024-11-14 10:35:04,Demo,SELL,108.52,121.086,20,-251.32
2024-11-15 11:09:01,2024-11-15 11:14:44,Demo,BUY,107.84,251.191,10,1433.51
2024-11-15 10:50:55,2024-11-15 10:54:53,Demo,BUY,107.49,108.8528,200,272.57
2024-11-18 09:33:21,2024-11-18 09:36:28,Demo,BUY,107.56,108.044,10,4.84
2024-11-18 12:26:01,2024-11-18 12:44:32,Demo,SELL,107.37,109.2492,50,-93.96
2024-11-18 12:45:37,2024-11-18 12:47:49,Demo,SELL,107.57,109.3376,50,-88.38
2024-11-18 13:27:36,2024-11-18 13:28:56,Demo,SELL,108.03,121.548,10,-135.18
2024-11-18 11:29:22,2024-11-18 11:30:08,Demo,BUY,108.4,103.0986,50,-265.07
2024-11-18 13:07:45,2024-11-18 13:30:12,Demo,BUY,108.71,140.042,10,313.32
2024-11-19 11:03:53,2024-11-19 11:08:28,Demo,SELL,109.53,110.674,20,-22.88
2024-11-20 11:05:55,2024-11-20 11:32:25,Demo,SELL,108.74,67.579,10,411.61
2024-11-20 09:55:18,2024-11-20 10:01:57,Demo,BUY,109.48,109.3467,200,-26.66
2024-11-20 14:02:26,2024-11-20 14:26:16,Demo,SELL,109.27,108.9896,200,56.08
2024-11-20 10:29:14,2024-11-20 10:31:24,Demo,SELL,109.67,164.57,10,-549.0
2024-11-20 13:59:53,2024-11-20 14:13:17,Demo,SELL,109.15,126.713,10,-175.63
2024-11-20 13:07:12,2024-11-20 13:18:26,Demo,SELL,108.7,100.8174,50,394.13
2024-11-20 10:39:55,2024-11-20 11:15:06,Demo,SELL,109.03,84.496,10,245.34
2024-11-20 13:51:14,2024-11-20 13:52:46,Demo,BUY,108.06,111.7395,100,367.95
2024-11-21 10:49:17,2024-11-21 10:56:41,Demo,SELL,108.56,116.865,20,-166.1
2024-11-21 14:44:05,2024-11-21 14:59:02,Demo,SELL,109.19,88.6165,20,411.47
2024-11-22 15:11:44,2024-11-22 15:16:26,Demo,BUY,109.28,115.7587,100,647.87
2024-11-22 10:43:16,2024-11-22 10:45:44,Demo,BUY,109.35,94.909,20,-288.82
2024-11-22 12:04:43,2024-11-22 12:09:05,Demo,BUY,108.93,107.7674,200,-232.51
2024-11-25 09:31:22,2024-11-25 09:39:46,Demo,BUY,109.27,111.1495,200,375.9
2024-11-25 10:02:00,2024-11-25 10:10:23,Demo,SELL,109.44,156.958,10,-475.18
2024-11-25 10:04:53,2024-11-25 10:06:33,Demo,SELL,108.98,156.751,10,-477.71
2024-11-25 13:05:05,2024-11-25 13:06:51,Demo,SELL,108.79,108.7099,500,40.05
2024-11-25 10:58:05,2024-11-25 11:06:16,Demo,SELL,108.71,103.2695,200,1088.1
2024-11-25 12:31:36,2024-11-25 12:53:54,Demo,BUY,108.51,69.734,10,-387.76
2024-11-26 13:06:17,2024-11-26 13:10:18,Demo,BUY,107.83,111.6831,100,385.31
2024-11-26 15:01:14,2024-11-26 15:07:01,Demo,SELL,108.18,149.063,20,-817.66
2024-11-26 10:31:16,2024-11-26 10:36:45,Demo,SELL,108.06,126.798,10,-187.38
2024-11-26 10:10:26,2024-11-26 10:33:53,Demo,SELL,108.06,109.3676,100,-130.76
2024-11-26 10:10:24,2024-11-26 10:26:38,Demo,SELL,107.77,124.569,10,-167.99
2024-11-26 12:23:29,2024-11-26 12:25:02,Demo,BUY,108.01,108.1328,200,24.55
2024-11-27 12:21:18,2024-11-27 12:29:06,Demo,SELL,108.11,78.719,10,293.91
2024-11-27 12:33:16,2024-11-27 12:39:06,Demo,BUY,108.72,105.0336,50,-184.32
2024-11-27 15:29:10,2024-11-27 15:36:21,Demo,BUY,108.96,136.465,10,275.05
2024-11-28 10:55:19,2024-11-28 10:57:10,Demo,BUY,108.86,105.228,20,-72.64
2024-11-28 10:39:24,2024-11-28 10:41:26,Demo,BUY,108.49,97.5032,50,-549.34
2024-11-28 14:42:10,2024-11-28 15:04:36,Demo,SELL,108.92,123.127,10,-142.07
2024-11-28 14:25:21,2024-11-28 14:28:22,Demo,SELL,108.78,78.9475,20,596.65
2024-11-28 14:22:48,2024-11-28 14:25:04,Demo,SELL,108.69,158.214,20,-990.48
2024-11-28 14:28:30,2024-11-28 14:33:40,Demo,SELL,108.61,44.518,10,640.92
2024-11-28 09:52:41,2024-11-28 09:59:24,Demo,BUY,108.41,103.6771,100,-473.29
2024-11-28 11:36:50,2024-11-28 11:43:22,Demo,BUY,108.33,113.752,20,108.44
2024-11-29 12:25:58,2024-11-29 12:26:58,Demo,BUY,109.29,135.35,20,521.2
2024-11-29 10:03:13,2024-11-29 10:08:13,Demo,SELL,108.77,105.0525,20,74.35
2024-11-29 09:44:29,2024-11-29 09:54:12,Demo,BUY,108.36,78.589,20,-595.42
2024-12-02 12:50:13,2024-12-02 13:00:07,Demo,BUY,109.05,110.2,10,11.5
2024-12-03 09:41:30,2024-12-03 09:44:15,Demo,BUY,108.87,71.6735,20,-743.93
2024-12-03 12:29:08,2024-12-03 12:46:52,Demo,BUY,108.64,105.5825,20,-61.15
2024-12-03 11:43:44,2024-12-03 11:53:18,Demo,SELL,109.16,123.367,50,-710.35
2024-12-03 14:51:36,2024-12-03 14:54:21,Demo,BUY,108.45,104.7054,100,-374.46
2024-12-04 15:22:08,2024-12-04 15:33:12,Demo,BUY,108.86,91.5495,20,-346.21
2024-12-04 10:58:27,2024-12-04 11:01:40,Demo,SELL,108.88,97.224,10,116.56
2024-12-04 11:58:53,2024-12-04 11:59:41,Demo,SELL,109.11,96.984,10,121.26
2024-12-05 11:05:38,2024-12-05 11:06:09,Demo,SELL,109.34,158.731,10,-493.91
2024-12-05 11:04:28,2024-12-05 11:07:12,Demo,BUY,109.02,74.104,10,-349.16
2024-12-05 14:04:06,2024-12-05 14:20:34,Demo,BUY,109.55,138.414,20,577.28
2024-12-06 11:40:29,2024-12-06 11:46:58,Demo,BUY,109.27,130.344,10,210.74
2024-12-09 13:15:16,2024-12-09 13:30:53,Demo,BUY,109.48,124.31,10,148.3
2024-12-09 11:48:46,2024-12-09 11:52:47,Demo,SELL,110.1,110.331,10,-2.31
2024-12-09 11:43:23,2024-12-09 11:45:25,Demo,BUY,110.79,93.792,10,-169.98
2024-12-09 10:24:38,2024-12-09 10:35:29,Demo,BUY,110.65,141.725,10,310.75
2024-12-10 12:36:13,2024-12-10 12:37:42,Demo,SELL,110.88,105.824,10,50.56
2024-12-10 11:48:32,2024-12-10 11:50:33,Demo,SELL,110.7,115.845,20,-102.9
2024-12-10 10:55:03,2024-12-10 10:57:32,Demo,SELL,111.96,147.099,20,-702.78
2024-12-10 14:13:48,2024-12-10 14:23:23,Demo,BUY,112.35,29.23,10,-831.2
2024-12-10 13:33:58,2024-12-10 13:44:35,Demo,BUY,112.39,91.6375,20,-415.05
2024-12-10 13:55:54,2024-12-10 13:58:49,Demo,BUY,112.54,95.8385,20,-334.03
2024-12-10 09:33:15,2024-12-10 09:35:27,Demo,BUY,112.75,108.476,10,-42.74
2024-12-10 10:06:27,2024-12-10 10:10:57,Demo,BUY,112.97,96.229,10,-167.41
2024-12-12 10:30:06,2024-12-12 10:30:52,Demo,SELL,112.85,109.457,20,67.86
2024-12-12 09:31:00,2024-12-12 09:42:38,Demo,SELL,112.65,102.6956,50,497.72
2024-12-12 11:14:56,2024-12-12 11:17:29,Demo,BUY,112.57,140.108,10,275.38
2024-12-12 13:17:02,2024-12-12 13:24:34,Demo,BUY,112.0,131.821,10,198.21
2024-12-12 13:52:28,2024-12-12 13:54:47,Demo,BUY,112.36,107.8139,100,-454.61
2024-12-13 11:12:01,2024-12-13 11:13:00,Demo,BUY,111.96,152.741,10,407.81
2024-12-13 12:34:47,2024-12-13 12:36:39,Demo,BUY,111.43,88.572,10,-228.58
2024-12-13 11:26:12,2024-12-13 11:38:01,Demo,SELL,111.42,116.1346,100,-471.46
2024-12-13 14:46:18,2024-12-13 14:46:48,Demo,SELL,111.36,115.816,100,-445.6
2024-12-13 09:41:01,2024-12-13 09:58:21,Demo,SELL,111.48,140.3245,20,-576.89
2024-12-16 09:31:26,2024-12-16 09:35:58,Demo,BUY,111.2,128.3625,20,343.25
2024-12-16 12:28:24,2024-12-16 12:30:50,Demo,BUY,111.0,98.578,10,-124.22
2024-12-16 13:35:49,2024-12-16 13:36:19,Demo,SELL,111.35,120.526,10,-91.76
2024-12-16 11:26:08,2024-12-16 11:26:38,Demo,SELL,111.67,97.0885,20,291.63
2024-12-17 12:47:01,2024-12-17 12:48:25,Demo,BUY,111.96,107.546,10,-44.14
2024-12-17 14:30:31,2024-12-17 14:35:04,Demo,SELL,111.98,114.3225,20,-46.85
2024-12-17 10:49:17,2024-12-17 11:12:37,Demo,SELL,112.06,112.0674,200,-1.47
2024-12-17 13:07:25,2024-12-17 13:09:25,Demo,BUY,112.18,111.0558,200,-224.83
2024-12-17 12:36:11,2024-12-17 12:37:20,Demo,SELL,111.85,97.311,10,145.39
2024-12-17 13:15:45,2024-12-17 13:16:44,Demo,SELL,112.59,111.5032,50,54.34
2024-12-17 10:08:14,2024-12-17 10:15:39,Demo,SELL,113.25,123.6185,20,-207.37
2024-12-18 10:30:30,2024-12-18 10:31:31,Demo,BUY,113.65,118.6894,100,503.94
2024-12-18 12:52:54,2024-12-18 12:55:13,Demo,SELL,113.44,110.967,10,24.73
2024-12-18 10:27:33,2024-12-18 10:32:06,Demo,SELL,113.71,175.796,10,-620.86
2024-12-18 11:03:48,2024-12-18 11:10:09,Demo,SELL,114.19,141.092,10,-269.02
2024-12-18 11:48:48,2024-12-18 11:49:38,Demo,BUY,113.58,87.4535,20,-522.53
2024-12-18 14:03:22,2024-12-18 14:03:59,Demo,BUY,114.43,133.7245,20,385.89
2024-12-19 10:07:22,2024-12-19 10:19:26,Demo,SELL,113.56,109.3914,50,208.43
2024-12-19 11:54:00,2024-12-19 12:05:42,Demo,BUY,113.91,117.9068,50,199.84
2024-12-19 10:02:28,2024-12-19 10:02:58,Demo,SELL,114.64,160.488,10,-458.48
2024-12-19 10:02:00,2024-12-19 10:06:05,Demo,BUY,114.58,99.9605,20,-292.39
2024-12-19 12:36:09,2024-12-19 12:40:03,Demo,BUY,114.51,109.077,10,-54.33
2024-12-20 12:36:04,2024-12-20 13:04:12,Demo,SELL,114.84,109.6575,100,518.25
2024-12-20 10:43:10,2024-12-20 10:49:27,Demo,SELL,115.77,114.8194,200,190.11
2024-12-20 15:32:52,2024-12-20 15:34:41,Demo,SELL,115.63,114.7652,200,172.97
2024-12-20 13:53:30,2024-12-20 13:57:44,Demo,BUY,115.24,108.7977,100,-644.23
2024-12-23 09:33:12,2024-12-23 09:34:09,Demo,SELL,115.02,147.764,10,-327.44
2024-12-23 14:32:40,2024-12-23 14:44:03,Demo,BUY,114.25,129.877,10,156.27
2024-12-23 14:32:52,2024-12-23 14:38:29,Demo,BUY,114.7,145.3745,20,613.49
2024-12-24 11:32:54,2024-12-24 11:36:02,Demo,SELL,114.44,115.9064,200,-293.27
2024-12-24 13:42:09,2024-12-24 13:48:01,Demo,BUY,114.34,45.24,10,-691.0
2024-12-24 12:05:59,2024-12-24 12:20:08,Demo,SELL,114.79,128.766,10,-139.76
2024-12-24 09:38:24,2024-12-24 09:43:03,Demo,BUY,114.6,118.3931,100,379.31
2024-12-24 12:13:33,2024-12-24 12:17:25,Demo,SELL,114.98,134.909,10,-199.29
2024-12-24 12:36:26,2024-12-24 12:50:17,Demo,BUY,114.46,156.91,20,849.0
2024-12-25 11:22:53,2024-12-25 11:26:05,Demo,BUY,114.94,129.6634,50,736.17
2024-12-25 10:43:54,2024-12-25 11:00:56,Demo,SELL,115.11,108.994,10,61.16
2024-12-26 14:14:02,2024-12-26 14:15:51,Demo,BUY,115.07,127.432,10,123.62
2024-12-26 10:47:17,2024-12-26 10:51:06,Demo,SELL,115.13,119.2272,50,-204.86
2024-12-26 10:05:04,2024-12-26 10:08:09,Demo,BUY,114.49,121.152,50,333.1
2024-12-26 11:09:51,2024-12-26 11:20:17,Demo,BUY,114.55,116.4355,500,942.76
2024-12-26 12:25:31,2024-12-26 12:30:16,Demo,BUY,114.47,99.1375,20,-306.65
2024-12-26 12:38:32,2024-12-26 12:51:48,Demo,SELL,113.84,159.486,10,-456.46
2024-12-27 10:49:40,2024-12-27 10:58:37,Demo,SELL,113.51,104.6182,50,444.59
2024-12-27 10:09:42,2024-12-27 10:10:12,Demo,SELL,113.44,106.157,20,145.66
2024-12-30 14:11:55,2024-12-30 14:13:18,Demo,SELL,113.14,128.386,10,-152.46
2024-12-30 13:23:25,2024-12-30 13:25:27,Demo,SELL,111.93,122.1464,50,-510.82
2024-12-30 11:49:57,2024-12-30 11:52:08,Demo,BUY,112.47,170.045,10,575.75
2024-12-30 15:36:50,2024-12-30 15:40:13,Demo,BUY,112.4,302.198,10,1897.98
2024-12-31 15:43:07,2024-12-31 15:46:41,Demo,SELL,111.27,67.573,10,436.97
2024-12-31 11:43:46,2024-12-31 11:46:30,Demo,BUY,112.33,126.3445,20,280.29
